algorithm,step,mean_reward,ci95_reward,seed,seed_reward
Double DQN,0,14.24,5.402493883383857,0,9.4
Double DQN,0,14.24,5.402493883383857,1,11.7
Double DQN,0,14.24,5.402493883383857,2,9.3
Double DQN,0,14.24,5.402493883383857,3,17.1
Double DQN,0,14.24,5.402493883383857,4,23.7
Double DQN,1000,13.62,4.567430857714214,0,9.5
Double DQN,1000,13.62,4.567430857714214,1,12.7
Double DQN,1000,13.62,4.567430857714214,2,22.3
Double DQN,1000,13.62,4.567430857714214,3,13.9
Double DQN,1000,13.62,4.567430857714214,4,9.7
Double DQN,2000,17.580000000000002,16.131097688626156,0,9.2
Double DQN,2000,17.580000000000002,16.131097688626156,1,9.5
Double DQN,2000,17.580000000000002,16.131097688626156,2,50.5
Double DQN,2000,17.580000000000002,16.131097688626156,3,9.4
Double DQN,2000,17.580000000000002,16.131097688626156,4,9.3
Double DQN,3000,19.16,14.24983354850154,0,13.0
Double DQN,3000,19.16,14.24983354850154,1,11.8
Double DQN,3000,19.16,14.24983354850154,2,48.2
Double DQN,3000,19.16,14.24983354850154,3,12.2
Double DQN,3000,19.16,14.24983354850154,4,10.6
Double DQN,4000,205.88000000000002,193.82934800034795,0,19.8
Double DQN,4000,205.88000000000002,193.82934800034795,1,34.9
Double DQN,4000,205.88000000000002,193.82934800034795,2,90.3
Double DQN,4000,205.88000000000002,193.82934800034795,3,384.4
Double DQN,4000,205.88000000000002,193.82934800034795,4,500.0
Double DQN,5000,226.95999999999998,74.27206838213137,0,178.0
Double DQN,5000,226.95999999999998,74.27206838213137,1,126.3
Double DQN,5000,226.95999999999998,74.27206838213137,2,200.6
Double DQN,5000,226.95999999999998,74.27206838213137,3,312.7
Double DQN,5000,226.95999999999998,74.27206838213137,4,317.2
Double DQN,6000,199.42,35.50086487735193,0,218.1
Double DQN,6000,199.42,35.50086487735193,1,165.7
Double DQN,6000,199.42,35.50086487735193,2,151.8
Double DQN,6000,199.42,35.50086487735193,3,251.3
Double DQN,6000,199.42,35.50086487735193,4,210.2
Double DQN,7000,165.95999999999998,29.938805924084544,0,154.1
Double DQN,7000,165.95999999999998,29.938805924084544,1,137.0
Double DQN,7000,165.95999999999998,29.938805924084544,2,141.9
Double DQN,7000,165.95999999999998,29.938805924084544,3,220.8
Double DQN,7000,165.95999999999998,29.938805924084544,4,176.0
Double DQN,8000,194.92000000000002,27.176755285353693,0,157.4
Double DQN,8000,194.92000000000002,27.176755285353693,1,190.0
Double DQN,8000,194.92000000000002,27.176755285353693,2,242.5
Double DQN,8000,194.92000000000002,27.176755285353693,3,200.6
Double DQN,8000,194.92000000000002,27.176755285353693,4,184.1
Double DQN,9000,203.12,45.33456696870501,0,232.5
Double DQN,9000,203.12,45.33456696870501,1,183.0
Double DQN,9000,203.12,45.33456696870501,2,269.5
Double DQN,9000,203.12,45.33456696870501,3,198.2
Double DQN,9000,203.12,45.33456696870501,4,132.4
Double DQN,10000,188.76,21.197705823036603,0,178.1
Double DQN,10000,188.76,21.197705823036603,1,199.4
Double DQN,10000,188.76,21.197705823036603,2,188.7
Double DQN,10000,188.76,21.197705823036603,3,221.3
Double DQN,10000,188.76,21.197705823036603,4,156.3
Double DQN,11000,215.68,36.100114091786466,0,259.7
Double DQN,11000,215.68,36.100114091786466,1,197.8
Double DQN,11000,215.68,36.100114091786466,2,231.3
Double DQN,11000,215.68,36.100114091786466,3,236.1
Double DQN,11000,215.68,36.100114091786466,4,153.5
Double DQN,12000,231.44,39.454493292399526,0,251.7
Double DQN,12000,231.44,39.454493292399526,1,233.0
Double DQN,12000,231.44,39.454493292399526,2,283.2
Double DQN,12000,231.44,39.454493292399526,3,228.6
Double DQN,12000,231.44,39.454493292399526,4,160.7
Double DQN,13000,211.61999999999998,16.88473736366663,0,237.8
Double DQN,13000,211.61999999999998,16.88473736366663,1,219.2
Double DQN,13000,211.61999999999998,16.88473736366663,2,215.7
Double DQN,13000,211.61999999999998,16.88473736366663,3,194.8
Double DQN,13000,211.61999999999998,16.88473736366663,4,190.6
Double DQN,14000,217.32,27.393578733710566,0,231.1
Double DQN,14000,217.32,27.393578733710566,1,202.2
Double DQN,14000,217.32,27.393578733710566,2,226.3
Double DQN,14000,217.32,27.393578733710566,3,254.6
Double DQN,14000,217.32,27.393578733710566,4,172.4
Double DQN,15000,216.18,25.841052096228587,0,213.7
Double DQN,15000,216.18,25.841052096228587,1,193.3
Double DQN,15000,216.18,25.841052096228587,2,182.5
Double DQN,15000,216.18,25.841052096228587,3,251.6
Double DQN,15000,216.18,25.841052096228587,4,239.8
Double DQN,16000,187.7,18.814264503296425,0,202.5
Double DQN,16000,187.7,18.814264503296425,1,161.8
Double DQN,16000,187.7,18.814264503296425,2,208.6
Double DQN,16000,187.7,18.814264503296425,3,167.5
Double DQN,16000,187.7,18.814264503296425,4,198.1
Double DQN,17000,229.14000000000001,16.54460601404578,0,213.4
Double DQN,17000,229.14000000000001,16.54460601404578,1,208.9
Double DQN,17000,229.14000000000001,16.54460601404578,2,247.7
Double DQN,17000,229.14000000000001,16.54460601404578,3,249.5
Double DQN,17000,229.14000000000001,16.54460601404578,4,226.2
Double DQN,18000,210.66,49.276427006835625,0,214.6
Double DQN,18000,210.66,49.276427006835625,1,139.4
Double DQN,18000,210.66,49.276427006835625,2,285.2
Double DQN,18000,210.66,49.276427006835625,3,238.4
Double DQN,18000,210.66,49.276427006835625,4,175.7
Double DQN,19000,210.93999999999997,43.10737396965859,0,177.5
Double DQN,19000,210.93999999999997,43.10737396965859,1,146.4
Double DQN,19000,210.93999999999997,43.10737396965859,2,234.7
Double DQN,19000,210.93999999999997,43.10737396965859,3,224.9
Double DQN,19000,210.93999999999997,43.10737396965859,4,271.2
Double DQN,20000,200.44,38.454111095694294,0,178.6
Double DQN,20000,200.44,38.454111095694294,1,146.3
Double DQN,20000,200.44,38.454111095694294,2,195.0
Double DQN,20000,200.44,38.454111095694294,3,262.9
Double DQN,20000,200.44,38.454111095694294,4,219.4
Double SOR DQN,0,14.24,5.402493883383857,0,9.4
Double SOR DQN,0,14.24,5.402493883383857,1,11.7
Double SOR DQN,0,14.24,5.402493883383857,2,9.3
Double SOR DQN,0,14.24,5.402493883383857,3,17.1
Double SOR DQN,0,14.24,5.402493883383857,4,23.7
Double SOR DQN,1000,10.040000000000001,1.2358884092020606,0,9.5
Double SOR DQN,1000,10.040000000000001,1.2358884092020606,1,12.5
Double SOR DQN,1000,10.040000000000001,1.2358884092020606,2,8.9
Double SOR DQN,1000,10.040000000000001,1.2358884092020606,3,9.6
Double SOR DQN,1000,10.040000000000001,1.2358884092020606,4,9.7
Double SOR DQN,2000,30.68,26.745376045963532,0,9.2
Double SOR DQN,2000,30.68,26.745376045963532,1,76.8
Double SOR DQN,2000,30.68,26.745376045963532,2,47.4
Double SOR DQN,2000,30.68,26.745376045963532,3,9.4
Double SOR DQN,2000,30.68,26.745376045963532,4,10.6
Double SOR DQN,3000,135.3,137.52515669796563,0,59.7
Double SOR DQN,3000,135.3,137.52515669796563,1,159.3
Double SOR DQN,3000,135.3,137.52515669796563,2,10.5
Double SOR DQN,3000,135.3,137.52515669796563,3,48.8
Double SOR DQN,3000,135.3,137.52515669796563,4,398.2
Double SOR DQN,4000,177.42,127.1710381330592,0,106.6
Double SOR DQN,4000,177.42,127.1710381330592,1,429.9
Double SOR DQN,4000,177.42,127.1710381330592,2,62.8
Double SOR DQN,4000,177.42,127.1710381330592,3,148.9
Double SOR DQN,4000,177.42,127.1710381330592,4,138.9
Double SOR DQN,5000,151.95999999999998,57.41567676654172,0,57.9
Double SOR DQN,5000,151.95999999999998,57.41567676654172,1,203.9
Double SOR DQN,5000,151.95999999999998,57.41567676654172,2,217.1
Double SOR DQN,5000,151.95999999999998,57.41567676654172,3,164.0
Double SOR DQN,5000,151.95999999999998,57.41567676654172,4,116.9
Double SOR DQN,6000,158.42000000000002,42.615800025812014,0,93.7
Double SOR DQN,6000,158.42000000000002,42.615800025812014,1,215.9
Double SOR DQN,6000,158.42000000000002,42.615800025812014,2,154.2
Double SOR DQN,6000,158.42000000000002,42.615800025812014,3,194.8
Double SOR DQN,6000,158.42000000000002,42.615800025812014,4,133.5
Double SOR DQN,7000,229.58,50.990386017758276,0,267.4
Double SOR DQN,7000,229.58,50.990386017758276,1,132.4
Double SOR DQN,7000,229.58,50.990386017758276,2,258.1
Double SOR DQN,7000,229.58,50.990386017758276,3,218.8
Double SOR DQN,7000,229.58,50.990386017758276,4,271.2
Double SOR DQN,8000,175.36,3.542452619302061,0,176.0
Double SOR DQN,8000,175.36,3.542452619302061,1,178.2
Double SOR DQN,8000,175.36,3.542452619302061,2,169.7
Double SOR DQN,8000,175.36,3.542452619302061,3,179.8
Double SOR DQN,8000,175.36,3.542452619302061,4,173.1
Double SOR DQN,9000,245.18,43.407668251588916,0,221.3
Double SOR DQN,9000,245.18,43.407668251588916,1,185.5
Double SOR DQN,9000,245.18,43.407668251588916,2,309.0
Double SOR DQN,9000,245.18,43.407668251588916,3,228.5
Double SOR DQN,9000,245.18,43.407668251588916,4,281.6
Double SOR DQN,10000,215.06,53.110741732346376,0,169.1
Double SOR DQN,10000,215.06,53.110741732346376,1,177.3
Double SOR DQN,10000,215.06,53.110741732346376,2,318.9
Double SOR DQN,10000,215.06,53.110741732346376,3,214.0
Double SOR DQN,10000,215.06,53.110741732346376,4,196.0
Double SOR DQN,11000,225.5,29.467412047887755,0,257.7
Double SOR DQN,11000,225.5,29.467412047887755,1,183.7
Double SOR DQN,11000,225.5,29.467412047887755,2,204.4
Double SOR DQN,11000,225.5,29.467412047887755,3,220.6
Double SOR DQN,11000,225.5,29.467412047887755,4,261.1
Double SOR DQN,12000,219.11999999999998,28.60555370972567,0,248.8
Double SOR DQN,12000,219.11999999999998,28.60555370972567,1,218.9
Double SOR DQN,12000,219.11999999999998,28.60555370972567,2,220.9
Double SOR DQN,12000,219.11999999999998,28.60555370972567,3,241.5
Double SOR DQN,12000,219.11999999999998,28.60555370972567,4,165.5
Double SOR DQN,13000,241.82000000000002,12.732972215472703,0,248.2
Double SOR DQN,13000,241.82000000000002,12.732972215472703,1,218.8
Double SOR DQN,13000,241.82000000000002,12.732972215472703,2,255.5
Double SOR DQN,13000,241.82000000000002,12.732972215472703,3,249.7
Double SOR DQN,13000,241.82000000000002,12.732972215472703,4,236.9
Double SOR DQN,14000,222.38000000000002,34.75337012492457,0,222.4
Double SOR DQN,14000,222.38000000000002,34.75337012492457,1,211.1
Double SOR DQN,14000,222.38000000000002,34.75337012492457,2,286.7
Double SOR DQN,14000,222.38000000000002,34.75337012492457,3,213.4
Double SOR DQN,14000,222.38000000000002,34.75337012492457,4,178.3
Double SOR DQN,15000,200.33999999999997,43.49290788346992,0,208.6
Double SOR DQN,15000,200.33999999999997,43.49290788346992,1,140.6
Double SOR DQN,15000,200.33999999999997,43.49290788346992,2,253.7
Double SOR DQN,15000,200.33999999999997,43.49290788346992,3,158.4
Double SOR DQN,15000,200.33999999999997,43.49290788346992,4,240.4
Double SOR DQN,16000,167.01999999999998,18.259101638361074,0,167.3
Double SOR DQN,16000,167.01999999999998,18.259101638361074,1,141.6
Double SOR DQN,16000,167.01999999999998,18.259101638361074,2,178.4
Double SOR DQN,16000,167.01999999999998,18.259101638361074,3,153.1
Double SOR DQN,16000,167.01999999999998,18.259101638361074,4,194.7
Double SOR DQN,17000,164.38000000000002,24.494385916776928,0,140.0
Double SOR DQN,17000,164.38000000000002,24.494385916776928,1,154.0
Double SOR DQN,17000,164.38000000000002,24.494385916776928,2,210.9
Double SOR DQN,17000,164.38000000000002,24.494385916776928,3,148.8
Double SOR DQN,17000,164.38000000000002,24.494385916776928,4,168.2
Double SOR DQN,18000,167.9,33.042542444551685,0,171.9
Double SOR DQN,18000,167.9,33.042542444551685,1,126.2
Double SOR DQN,18000,167.9,33.042542444551685,2,198.7
Double SOR DQN,18000,167.9,33.042542444551685,3,132.9
Double SOR DQN,18000,167.9,33.042542444551685,4,209.8
Double SOR DQN,19000,149.04000000000002,27.525030255387545,0,124.2
Double SOR DQN,19000,149.04000000000002,27.525030255387545,1,118.4
Double SOR DQN,19000,149.04000000000002,27.525030255387545,2,191.3
Double SOR DQN,19000,149.04000000000002,27.525030255387545,3,139.6
Double SOR DQN,19000,149.04000000000002,27.525030255387545,4,171.7
Double SOR DQN,20000,184.72,66.6834344334483,0,147.0
Double SOR DQN,20000,184.72,66.6834344334483,1,132.0
Double SOR DQN,20000,184.72,66.6834344334483,2,286.3
Double SOR DQN,20000,184.72,66.6834344334483,3,113.7
Double SOR DQN,20000,184.72,66.6834344334483,4,244.6
