algorithm,episode,mean_probability_left,ci95_probability_left
DQN,1,0.509,0.031000804510210377
DQN,2,0.31475,0.020636463251136702
DQN,3,0.2455,0.016682015849661693
DQN,4,0.201625,0.01473435753832067
DQN,5,0.1759,0.013795215847687354
DQN,6,0.15975,0.013336221955613318
DQN,7,0.1472142857142857,0.013071830060903527
DQN,8,0.1376875,0.012940401565887993
DQN,9,0.12983333333333336,0.012856901891675852
DQN,10,0.12350000000000001,0.01282048802945166
DQN,11,0.11872727272727272,0.0128711940941511
DQN,12,0.11458333333333333,0.01290138364155307
DQN,13,0.11115384615384614,0.012905354560879856
DQN,14,0.10828571428571428,0.012910967255611621
DQN,15,0.10586666666666668,0.01294627277032013
DQN,16,0.1036875,0.012972532201172619
DQN,17,0.10176470588235292,0.012993908847389315
DQN,18,0.09983333333333333,0.012978348311239408
DQN,19,0.09821052631578947,0.012987203629883226
DQN,20,0.09675,0.013013133394411229
DQN,21,0.0954047619047619,0.013033537498390228
DQN,22,0.09411363636363636,0.013044661115281537
DQN,23,0.0931086956521739,0.013076017248180416
DQN,24,0.09210416666666668,0.013109906391326346
DQN,25,0.09134,0.013150887782675074
DQN,26,0.09067307692307694,0.01317959597778747
DQN,27,0.08998148148148147,0.013206940793904293
DQN,28,0.089375,0.013230734927498235
DQN,29,0.08867241379310346,0.013258377846967349
DQN,30,0.08815,0.013288186078532395
DQN,31,0.08753225806451613,0.01331019396064271
DQN,32,0.087109375,0.013340699072461546
DQN,33,0.08659090909090908,0.013366683828283935
DQN,34,0.08630882352941174,0.013399747302622573
DQN,35,0.0858142857142857,0.013413503481926698
DQN,36,0.08551388888888888,0.013437911035329321
DQN,37,0.08501351351351352,0.013450447128060292
DQN,38,0.08475,0.013471720818440737
DQN,39,0.0844230769230769,0.013499562858683528
DQN,40,0.08418749999999998,0.013512521005262772
DQN,41,0.08389024390243903,0.013527400529824755
DQN,42,0.08372619047619048,0.013543644826743306
DQN,43,0.08338372093023257,0.01355503448988609
DQN,44,0.08310227272727272,0.013554878948313311
DQN,45,0.08287777777777777,0.013567160987965468
DQN,46,0.08268478260869566,0.01356894978403011
DQN,47,0.0824787234042553,0.013587001846777197
DQN,48,0.08230208333333335,0.013590697514614919
DQN,49,0.08211224489795918,0.013609523707152118
DQN,50,0.08193,0.013605331135237373
DQN,51,0.08173529411764706,0.013620924932103628
DQN,52,0.081625,0.01362839922503324
DQN,53,0.08148113207547171,0.013643803861267482
DQN,54,0.08125,0.01363212996030461
DQN,55,0.0810272727272727,0.01363405225088713
DQN,56,0.08083035714285713,0.013627732242740529
DQN,57,0.08064035087719298,0.013633032388930913
DQN,58,0.08045689655172412,0.013620758281072136
DQN,59,0.08031355932203388,0.013626844903844486
DQN,60,0.08015833333333333,0.013619582571118788
DQN,61,0.07999180327868852,0.013620458351808145
DQN,62,0.07986290322580644,0.013618631064255378
DQN,63,0.07967460317460316,0.013609278969116786
DQN,64,0.0795390625,0.013606186300123228
DQN,65,0.0793,0.013597754203556953
DQN,66,0.07918939393939393,0.013598070715943157
DQN,67,0.07896268656716418,0.013588480194699994
DQN,68,0.07886029411764704,0.013583359393317652
DQN,69,0.07867391304347826,0.01357522313755701
DQN,70,0.07863571428571427,0.013575157937830302
DQN,71,0.07848591549295775,0.013567784335562638
DQN,72,0.07840972222222221,0.01356183880482242
DQN,73,0.07828082191780822,0.013562103987870291
DQN,74,0.07826351351351352,0.013563913889503178
DQN,75,0.07815333333333334,0.013557501395111884
DQN,76,0.078125,0.013559262469167704
DQN,77,0.0780064935064935,0.013557201193952395
DQN,78,0.07798076923076921,0.013558618976864951
DQN,79,0.07786708860759493,0.013552511739225129
DQN,80,0.07784375,0.013550890215187397
DQN,81,0.07775925925925926,0.013546383173715893
DQN,82,0.07772560975609756,0.013551495771591527
DQN,83,0.07760843373493975,0.013546734118023842
DQN,84,0.0775892857142857,0.013549338177607137
DQN,85,0.0775470588235294,0.01355231819832071
DQN,86,0.07751744186046512,0.013554109445725153
DQN,87,0.07743103448275863,0.013549626032019044
DQN,88,0.07736931818181819,0.013548192430024083
DQN,89,0.07727528089887642,0.013545396741545692
DQN,90,0.07721666666666666,0.013540801578975263
DQN,91,0.07712637362637362,0.013535673841580092
DQN,92,0.07707065217391304,0.013536432427310549
DQN,93,0.07698387096774192,0.013532597539546193
DQN,94,0.07695212765957446,0.013533392483763597
DQN,95,0.07684736842105264,0.013527998789786881
DQN,96,0.07681770833333335,0.013531641908722568
DQN,97,0.0767061855670103,0.01352424451344251
DQN,98,0.07667857142857142,0.013525019114294887
DQN,99,0.07658080808080808,0.013516638101972496
DQN,100,0.076545,0.01351544541143315
DQN,101,0.07647029702970298,0.013510284034587596
DQN,102,0.07641666666666666,0.013509403511928562
DQN,103,0.07631553398058252,0.013501157397054982
DQN,104,0.07627403846153845,0.013503062753994618
DQN,105,0.07617619047619047,0.013497001124934294
DQN,106,0.07612735849056605,0.013496729009554898
DQN,107,0.07600467289719626,0.013487696208049054
DQN,108,0.07598611111111112,0.013490284847847027
DQN,109,0.07589449541284404,0.013485974459644428
DQN,110,0.07584090909090908,0.0134845755158917
DQN,111,0.07575225225225225,0.013480458958228815
DQN,112,0.07571875,0.013482912065971365
DQN,113,0.07560619469026549,0.013473258071725279
DQN,114,0.07556578947368423,0.01347344458435874
DQN,115,0.07546521739130434,0.013466177798143516
DQN,116,0.07544396551724138,0.013470649027056964
DQN,117,0.07535470085470085,0.013465479468576727
DQN,118,0.07536016949152541,0.013472568608056144
DQN,119,0.07523109243697478,0.013461847315002514
DQN,120,0.07522083333333333,0.0134655006839527
DQN,121,0.07511983471074381,0.013457463121620127
DQN,122,0.07509426229508195,0.013461740915789056
DQN,123,0.07497154471544715,0.01345140197016001
DQN,124,0.07496370967741936,0.013455135001696239
DQN,125,0.07486000000000001,0.013448537474061304
DQN,126,0.0748452380952381,0.013452518795918746
DQN,127,0.07475984251968504,0.013447257451504924
DQN,128,0.07475390625,0.013452895495375325
DQN,129,0.07462403100775193,0.013442545296384242
DQN,130,0.07461923076923077,0.013446802475809146
DQN,131,0.0745381679389313,0.013441900402434228
DQN,132,0.07452651515151515,0.013445401714037356
DQN,133,0.0744248120300752,0.013438505280799528
DQN,134,0.07440671641791044,0.013441264573983975
DQN,135,0.07432222222222222,0.01343591470728908
DQN,136,0.07429779411764705,0.013436496141061826
DQN,137,0.07421532846715329,0.013430859323981952
DQN,138,0.07422826086956522,0.013437537781035812
DQN,139,0.07414028776978415,0.013430330826917516
DQN,140,0.074125,0.01343148556860259
DQN,141,0.07406028368794323,0.013427632079425076
DQN,142,0.07404577464788732,0.013429109661104855
DQN,143,0.07397552447552448,0.013424728178685704
DQN,144,0.07396875,0.013426982886431729
DQN,145,0.07392068965517243,0.013425104213332187
DQN,146,0.07389383561643836,0.013425423603102981
DQN,147,0.0738469387755102,0.0134241343940186
DQN,148,0.07383445945945948,0.013426809672011627
DQN,149,0.07377516778523491,0.013423109822627125
DQN,150,0.07377,0.013425942499911374
DQN,151,0.0737251655629139,0.01342482638546275
DQN,152,0.07373355263157895,0.013429925219525594
DQN,153,0.07366993464052286,0.013427086726481963
DQN,154,0.07365909090909091,0.013429553555853449
DQN,155,0.07360322580645161,0.013427300162486885
DQN,156,0.07359294871794872,0.013429317449649673
DQN,157,0.07355095541401274,0.013427591151614767
DQN,158,0.0735348101265823,0.013429615251438789
DQN,159,0.0734748427672956,0.013427560354294436
DQN,160,0.073471875,0.013430341357057032
DQN,161,0.0734254658385093,0.013430502214404717
DQN,162,0.07343518518518519,0.01343493738746522
DQN,163,0.07337730061349691,0.013431792925382241
DQN,164,0.0733689024390244,0.013434682380780504
DQN,165,0.07331212121212122,0.01343308277906928
DQN,166,0.07334036144578314,0.013440169384070083
DQN,167,0.07329041916167665,0.013437663662469597
DQN,168,0.07330654761904762,0.013444562669355644
DQN,169,0.07323372781065089,0.013440386032201998
DQN,170,0.07323823529411763,0.013444196556948966
DQN,171,0.07317836257309941,0.013442319971103973
DQN,172,0.07318313953488373,0.01344611525543319
DQN,173,0.07313005780346822,0.013444147301704932
DQN,174,0.07313505747126439,0.013449164265709648
DQN,175,0.07308857142857145,0.013448998001125374
DQN,176,0.07309375,0.01345310402079963
DQN,177,0.07302542372881357,0.013449216038257173
DQN,178,0.07304775280898874,0.013455495944055375
DQN,179,0.07298603351955309,0.013452015346172493
DQN,180,0.07300277777777776,0.01345889024165421
DQN,181,0.07294198895027626,0.013455670131839001
DQN,182,0.07293131868131868,0.013457930761196323
DQN,183,0.07289890710382514,0.013457234493454767
DQN,184,0.07289945652173913,0.01346173443405337
DQN,185,0.07285675675675674,0.013460698323575868
DQN,186,0.0728736559139785,0.013466587363892578
DQN,187,0.0728155080213904,0.013463602116529066
DQN,188,0.0728218085106383,0.0134679988805243
DQN,189,0.07277248677248678,0.013465991225169028
DQN,190,0.07278947368421052,0.013472321175161724
DQN,191,0.0727434554973822,0.013470183529346157
DQN,192,0.07274479166666666,0.013473479947249295
DQN,193,0.07270466321243524,0.013471426701699001
DQN,194,0.07273711340206185,0.013477079370861728
DQN,195,0.0726974358974359,0.013475052192296926
DQN,196,0.07271428571428569,0.013479133378546138
DQN,197,0.07268020304568526,0.013478207764930823
DQN,198,0.0726919191919192,0.01348288110257821
DQN,199,0.072643216080402,0.013479776254931174
DQN,200,0.07266999999999998,0.013486643562144449
DQN,201,0.07264179104477612,0.013486645878992903
DQN,202,0.07268316831683168,0.013494746391983373
DQN,203,0.07264532019704434,0.013493448360124234
DQN,204,0.07265196078431371,0.01349685972988406
DQN,205,0.07260487804878049,0.013494115620351755
DQN,206,0.07263106796116506,0.013500370065890062
DQN,207,0.07259420289855072,0.013499293228555989
DQN,208,0.07261057692307692,0.01350401920305116
DQN,209,0.0725693779904306,0.013502694985923479
DQN,210,0.07258095238095237,0.01350707728915169
DQN,211,0.07254976303317537,0.013506041353367812
DQN,212,0.07257547169811322,0.013512037286865296
DQN,213,0.07254929577464787,0.013513152295227579
DQN,214,0.0725373831775701,0.013515473309129332
DQN,215,0.07251162790697674,0.013516033061379098
DQN,216,0.07251388888888889,0.013519805041743067
DQN,217,0.07248847926267282,0.013520529639213349
DQN,218,0.07249541284403671,0.013524767499161067
DQN,219,0.07247488584474886,0.013525852059157939
DQN,220,0.07246363636363637,0.013528000057791737
DQN,221,0.07243438914027149,0.013527836735097665
DQN,222,0.07242792792792793,0.013530419689635127
DQN,223,0.07240807174887892,0.013531360565965087
DQN,224,0.07241964285714286,0.01353619883165359
DQN,225,0.07242222222222222,0.01353977911244024
DQN,226,0.07239823008849557,0.013540296954010649
DQN,227,0.07236563876651983,0.013539856013551179
DQN,228,0.07236403508771928,0.013542245126674454
DQN,229,0.07234716157205238,0.013543287428746094
DQN,230,0.07235434782608695,0.013547980661398767
DQN,231,0.07234848484848484,0.013550205978101998
DQN,232,0.07233405172413794,0.013551906551951511
DQN,233,0.0723197424892704,0.013552519410630208
DQN,234,0.07231410256410256,0.013554322028959563
DQN,235,0.0723127659574468,0.013556523737668599
DQN,236,0.07231991525423728,0.013559899274917296
DQN,237,0.07231012658227849,0.013560830871525707
DQN,238,0.07228781512605041,0.013560972870197191
DQN,239,0.0722615062761506,0.013560663024223528
DQN,240,0.07225625,0.01356258653926165
DQN,241,0.07222614107883817,0.013561835071412853
DQN,242,0.07222933884297521,0.013565284268696262
DQN,243,0.07220781893004116,0.013565508573907807
DQN,244,0.07219877049180326,0.013567068549129821
DQN,245,0.07216122448979592,0.013565347196019296
DQN,246,0.07216463414634146,0.01356813013067956
DQN,247,0.07213157894736841,0.013567010630107923
DQN,248,0.07213911290322582,0.013570858891802347
DQN,249,0.07211445783132531,0.013570249886141705
DQN,250,0.072102,0.013571065979819795
DQN,251,0.07206573705179284,0.013569129414400798
DQN,252,0.07206944444444442,0.013572362077769887
DQN,253,0.07203754940711463,0.013571335409762866
DQN,254,0.07203740157480314,0.013574552374241053
DQN,255,0.07202549019607844,0.013575446744957358
DQN,256,0.072013671875,0.013577071858526175
DQN,257,0.07198249027237354,0.013575469647107478
DQN,258,0.07199418604651163,0.013579641585650913
DQN,259,0.07197490347490347,0.013579690169118473
DQN,260,0.07197884615384614,0.013582943403938102
DQN,261,0.07194444444444446,0.013580978580402994
DQN,262,0.07194465648854961,0.013583848543573742
DQN,263,0.07190684410646388,0.013581439905103646
DQN,264,0.07191098484848486,0.01358474605396903
DQN,265,0.07187358490566038,0.013582385826312783
DQN,266,0.07188909774436089,0.01358726858293565
DQN,267,0.07185205992509364,0.013585189056315082
DQN,268,0.07186007462686567,0.01358913063239577
DQN,269,0.07182342007434943,0.013587047064549147
DQN,270,0.07183888888888888,0.013591498992544884
DQN,271,0.07180996309963099,0.013590336274974024
DQN,272,0.07180698529411765,0.013592474419724103
DQN,273,0.07177106227106227,0.013590340143405466
DQN,274,0.07178284671532847,0.013594417213142885
DQN,275,0.07175090909090909,0.013592899303981512
DQN,276,0.07174818840579711,0.013595200729287962
DQN,277,0.07170216606498195,0.013591630257965894
DQN,278,0.07171942446043164,0.013596624227733643
DQN,279,0.07168817204301076,0.01359442641816884
DQN,280,0.07169285714285716,0.013596979794628495
DQN,281,0.07165836298932385,0.013594668901625388
DQN,282,0.07167375886524821,0.013598921204429383
DQN,283,0.07164664310954064,0.013597393089632426
DQN,284,0.07166549295774649,0.013602124417285382
DQN,285,0.0716421052631579,0.013600086933052386
DQN,286,0.07165034965034965,0.013603137360980932
DQN,287,0.07161672473867596,0.013600233626169578
DQN,288,0.07163541666666669,0.013604702296080491
DQN,289,0.07160207612456747,0.013602118020405382
DQN,290,0.07161379310344826,0.013605895484560485
DQN,291,0.07159106529209622,0.01360482824202733
DQN,292,0.07161301369863012,0.013609739658770867
DQN,293,0.07157679180887373,0.013606981673388797
DQN,294,0.07158163265306122,0.013609726145550026
DQN,295,0.07157627118644067,0.01361098790430213
DQN,296,0.07158445945945945,0.013614230422065264
DQN,297,0.07156565656565658,0.013613349147172823
DQN,298,0.07158053691275168,0.01361692666060063
DQN,299,0.07155183946488294,0.013615345615041154
DQN,300,0.07155333333333334,0.013617708522605163
DQN,301,0.07153488372093023,0.013617238857565847
DQN,302,0.07153311258278144,0.01361914832393488
DQN,303,0.07150825082508251,0.013617266240632902
DQN,304,0.07151644736842107,0.013619910477164928
DQN,305,0.07150163934426229,0.013619590916300734
DQN,306,0.07150653594771242,0.013621784139262301
DQN,307,0.07149511400651465,0.01362150508870291
DQN,308,0.07150324675324676,0.013624358536271121
DQN,309,0.07148543689320389,0.01362337776424128
DQN,310,0.07149354838709676,0.013626349863495273
DQN,311,0.07148231511254018,0.013626246590516972
DQN,312,0.07149038461538461,0.013629084826281229
DQN,313,0.07147284345047923,0.01362812162360713
DQN,314,0.07147770700636946,0.013630566771582234
DQN,315,0.07145714285714286,0.013629494799379522
DQN,316,0.07146518987341773,0.013632129701727932
DQN,317,0.07143217665615141,0.01362950589546767
DQN,318,0.07144654088050316,0.013633241463633495
DQN,319,0.0714169278996865,0.013631133601475038
DQN,320,0.07143125,0.013635073397615828
DQN,321,0.0714080996884735,0.01363401650891419
DQN,322,0.07142236024844721,0.013637870396109402
DQN,323,0.07139318885448917,0.013635776848322258
DQN,324,0.07140123456790125,0.01363872891766025
DQN,325,0.07137846153846152,0.013637025511767806
DQN,326,0.07138343558282209,0.013639093551302807
DQN,327,0.07137003058103975,0.013638804926341177
DQN,328,0.07136585365853657,0.013640292437229234
DQN,329,0.0713404255319149,0.013638704112241351
DQN,330,0.07134242424242425,0.01364090651637399
DQN,331,0.07132628398791542,0.013640603334269955
DQN,332,0.07133132530120483,0.013643088839574529
DQN,333,0.07131831831831832,0.013643073140924323
DQN,334,0.07132035928143711,0.013645014403545949
DQN,335,0.07130447761194028,0.013644690504441044
DQN,336,0.07130059523809525,0.01364630603765482
DQN,337,0.07129970326409496,0.013647970852950842
DQN,338,0.07129585798816566,0.013649228951618237
DQN,339,0.0712772861356932,0.013648480245913686
DQN,340,0.07128529411764706,0.013651246628169102
DQN,341,0.07126686217008796,0.013650539961870413
DQN,342,0.07128070175438597,0.013654121465011463
DQN,343,0.07127405247813412,0.01365500820795665
DQN,344,0.07128197674418604,0.01365783020084906
DQN,345,0.07127536231884057,0.013658746889485863
DQN,346,0.07127745664739883,0.013660667002993917
DQN,347,0.0712536023054755,0.01365932424948021
DQN,348,0.07125862068965517,0.013661711604814225
DQN,349,0.07124068767908309,0.013661149425514262
DQN,350,0.07124000000000001,0.013662968718035991
DQN,351,0.07123361823361823,0.013663553967889307
DQN,352,0.07124147727272728,0.013666008132446497
DQN,353,0.07123512747875356,0.013666596641796893
DQN,354,0.07123728813559321,0.013668019351067408
DQN,355,0.07122535211267607,0.013667922822841839
DQN,356,0.0712134831460674,0.013667791702519881
DQN,357,0.07121568627450979,0.013669498239457352
DQN,358,0.0712150837988827,0.013670912793601955
DQN,359,0.07120891364902505,0.013671475610648152
DQN,360,0.07120555555555555,0.01367257797456263
DQN,361,0.07119390581717451,0.013672741390469235
DQN,362,0.07119060773480664,0.013673774519510224
DQN,363,0.0711845730027548,0.013674670987311009
DQN,364,0.07118956043956044,0.013676449884620471
DQN,365,0.07118630136986304,0.013677223561535959
DQN,366,0.07119125683060108,0.013679164625817085
DQN,367,0.07118528610354224,0.01367961721678586
DQN,368,0.07118478260869565,0.013680731553263796
DQN,369,0.07118428184281841,0.013681786871302077
DQN,370,0.0711810810810811,0.01368218018912548
DQN,371,0.07117789757412399,0.013683318451330011
DQN,372,0.0711774193548387,0.013683924423118155
DQN,373,0.0711769436997319,0.013684721347940524
DQN,374,0.0711818181818182,0.013686165627809757
DQN,375,0.071192,0.013688322718332216
DQN,376,0.0711941489361702,0.013689305114642294
DQN,377,0.07119628647214855,0.013690151716210252
DQN,378,0.07120105820105821,0.013691368055678497
DQN,379,0.07120052770448548,0.013692269205971285
DQN,380,0.0712078947368421,0.013693781279881852
DQN,381,0.0711994750656168,0.013693368137389252
DQN,382,0.07120942408376965,0.013695102517290279
DQN,383,0.07121409921671017,0.013696548082592
DQN,384,0.07121354166666666,0.0136969762314031
DQN,385,0.071212987012987,0.013697649319149291
DQN,386,0.07121502590673574,0.013698614381617551
DQN,387,0.07121447028423772,0.013699261263578792
DQN,388,0.07121907216494845,0.01370050069046337
DQN,389,0.07121593830334189,0.013700898170992563
DQN,390,0.07122564102564101,0.013702805350102466
DQN,391,0.07122250639386189,0.013703005628595121
DQN,392,0.0712295918367347,0.013704628405751823
DQN,393,0.07122900763358779,0.013705421897876864
DQN,394,0.07123604060913706,0.013707072839333614
DQN,395,0.07123291139240508,0.013707399300768806
DQN,396,0.07123737373737374,0.013709065186983798
DQN,397,0.07123425692695214,0.013709492682479675
DQN,398,0.07123869346733668,0.013711070628964048
DQN,399,0.07124310776942354,0.013712539757697704
DQN,400,0.07124499999999998,0.013714089188722533
SOR DQN (w=1.3),1,0.509,0.031000804510210377
SOR DQN (w=1.3),2,0.326,0.02087767697316432
SOR DQN (w=1.3),3,0.2533333333333333,0.01710667701216102
SOR DQN (w=1.3),4,0.209,0.014995445434657279
SOR DQN (w=1.3),5,0.1834,0.013902847257517642
SOR DQN (w=1.3),6,0.1643333333333333,0.013421158706018016
SOR DQN (w=1.3),7,0.1512142857142857,0.013062845537383249
SOR DQN (w=1.3),8,0.1408125,0.012830353723511306
SOR DQN (w=1.3),9,0.1325,0.012676241588282714
SOR DQN (w=1.3),10,0.12595,0.012546307775389332
SOR DQN (w=1.3),11,0.12068181818181817,0.012452829018093022
SOR DQN (w=1.3),12,0.115625,0.012381420918414777
SOR DQN (w=1.3),13,0.11142307692307692,0.012369812890576435
SOR DQN (w=1.3),14,0.10789285714285714,0.01234933379357547
SOR DQN (w=1.3),15,0.10483333333333333,0.012344313591025995
SOR DQN (w=1.3),16,0.10234375,0.012345484270789778
SOR DQN (w=1.3),17,0.10002941176470588,0.012362059974899685
SOR DQN (w=1.3),18,0.09802777777777777,0.012382836579379868
SOR DQN (w=1.3),19,0.0963421052631579,0.01241435821520531
SOR DQN (w=1.3),20,0.09465000000000001,0.012436990252087943
SOR DQN (w=1.3),21,0.09323809523809524,0.012466229780064775
SOR DQN (w=1.3),22,0.09204545454545453,0.012496901906793213
SOR DQN (w=1.3),23,0.091,0.01253419645421934
SOR DQN (w=1.3),24,0.08991666666666666,0.012544976302062439
SOR DQN (w=1.3),25,0.08908,0.01255308819426411
SOR DQN (w=1.3),26,0.08830769230769232,0.01256735839542467
SOR DQN (w=1.3),27,0.08762962962962961,0.012585575661297692
SOR DQN (w=1.3),28,0.08692857142857142,0.012583258480774922
SOR DQN (w=1.3),29,0.08634482758620689,0.012604195696005275
SOR DQN (w=1.3),30,0.0858166666666667,0.012613136179019584
SOR DQN (w=1.3),31,0.08543548387096773,0.01264827753829619
SOR DQN (w=1.3),32,0.085078125,0.012665724689107198
SOR DQN (w=1.3),33,0.0848181818181818,0.012690269646276647
SOR DQN (w=1.3),34,0.08449999999999998,0.012719645029463591
SOR DQN (w=1.3),35,0.08434285714285712,0.012749692439949807
SOR DQN (w=1.3),36,0.08411111111111108,0.012780631478158139
SOR DQN (w=1.3),37,0.08391891891891892,0.012812230876162256
SOR DQN (w=1.3),38,0.08360526315789474,0.012840479875435525
SOR DQN (w=1.3),39,0.08341025641025641,0.012866233196745808
SOR DQN (w=1.3),40,0.08319999999999998,0.012901174001097986
SOR DQN (w=1.3),41,0.08307317073170734,0.012931713442894665
SOR DQN (w=1.3),42,0.08285714285714284,0.012961597926126868
SOR DQN (w=1.3),43,0.08274418604651163,0.012988485055687766
SOR DQN (w=1.3),44,0.08259090909090909,0.013027018459360494
SOR DQN (w=1.3),45,0.08255555555555555,0.013061235626592812
SOR DQN (w=1.3),46,0.08243478260869566,0.013091804648288522
SOR DQN (w=1.3),47,0.0823191489361702,0.013118238854216209
SOR DQN (w=1.3),48,0.0821875,0.013147772189575148
SOR DQN (w=1.3),49,0.08208163265306123,0.013173760798404287
SOR DQN (w=1.3),50,0.08194,0.01319581754325494
SOR DQN (w=1.3),51,0.0818235294117647,0.013221337485892182
SOR DQN (w=1.3),52,0.08169230769230768,0.01324408467181401
SOR DQN (w=1.3),53,0.08160377358490567,0.013268839084174906
SOR DQN (w=1.3),54,0.08151851851851853,0.013292574707777291
SOR DQN (w=1.3),55,0.08145454545454543,0.013318600633272766
SOR DQN (w=1.3),56,0.081375,0.013341913810962022
SOR DQN (w=1.3),57,0.08131578947368422,0.01336727110851598
SOR DQN (w=1.3),58,0.08125862068965517,0.013393977708053641
SOR DQN (w=1.3),59,0.08127966101694915,0.013425425855067957
SOR DQN (w=1.3),60,0.08115833333333333,0.013443199540635173
SOR DQN (w=1.3),61,0.08110655737704917,0.013465006149742222
SOR DQN (w=1.3),62,0.08104032258064515,0.013486827691522058
SOR DQN (w=1.3),63,0.08099206349206346,0.013510421473883863
SOR DQN (w=1.3),64,0.0808984375,0.013526175929095951
SOR DQN (w=1.3),65,0.08086923076923076,0.013546790770416137
SOR DQN (w=1.3),66,0.0807651515151515,0.01355834864402178
SOR DQN (w=1.3),67,0.08069402985074627,0.013574514002365465
SOR DQN (w=1.3),68,0.08061029411764704,0.013590966303386338
SOR DQN (w=1.3),69,0.08057246376811596,0.013609912844802608
SOR DQN (w=1.3),70,0.08047857142857141,0.013624444239558428
SOR DQN (w=1.3),71,0.08042957746478872,0.013638972312175377
SOR DQN (w=1.3),72,0.08035416666666666,0.01365509534774618
SOR DQN (w=1.3),73,0.0803082191780822,0.013671710512331589
SOR DQN (w=1.3),74,0.08022297297297297,0.013685613918800658
SOR DQN (w=1.3),75,0.08022,0.013707639746124245
SOR DQN (w=1.3),76,0.08011184210526315,0.013715557831979077
SOR DQN (w=1.3),77,0.08005844155844154,0.013730448286165483
SOR DQN (w=1.3),78,0.08000641025641025,0.013740439747221974
SOR DQN (w=1.3),79,0.07995569620253165,0.013757143484053666
SOR DQN (w=1.3),80,0.07985624999999999,0.0137620306038309
SOR DQN (w=1.3),81,0.079820987654321,0.013776455709655244
SOR DQN (w=1.3),82,0.07975000000000002,0.013784482290208018
SOR DQN (w=1.3),83,0.07968072289156626,0.013796901809278292
SOR DQN (w=1.3),84,0.07958928571428571,0.013803807931935126
SOR DQN (w=1.3),85,0.07958235294117645,0.013822656575999247
SOR DQN (w=1.3),86,0.07951744186046511,0.013829219283466362
SOR DQN (w=1.3),87,0.07944252873563219,0.013839526971700265
SOR DQN (w=1.3),88,0.07934659090909092,0.01384344084307842
SOR DQN (w=1.3),89,0.07932022471910112,0.01385761597558044
SOR DQN (w=1.3),90,0.07923888888888889,0.013860585243469664
SOR DQN (w=1.3),91,0.07918131868131867,0.013868898601184898
SOR DQN (w=1.3),92,0.07916847826086956,0.013879055585497695
SOR DQN (w=1.3),93,0.07913440860215053,0.013890839509560538
SOR DQN (w=1.3),94,0.07910106382978722,0.013899019895353262
SOR DQN (w=1.3),95,0.0790684210526316,0.013910653244610658
SOR DQN (w=1.3),96,0.079046875,0.013919784012423974
SOR DQN (w=1.3),97,0.07899484536082474,0.01392901114865827
SOR DQN (w=1.3),98,0.07895408163265304,0.013936533445030885
SOR DQN (w=1.3),99,0.07891414141414141,0.013946785908830138
SOR DQN (w=1.3),100,0.078875,0.013953395508664592
SOR DQN (w=1.3),101,0.07880693069306932,0.013959773430003318
SOR DQN (w=1.3),102,0.07877941176470588,0.013968415058807708
SOR DQN (w=1.3),103,0.07873300970873785,0.01397694507083801
SOR DQN (w=1.3),104,0.07870673076923076,0.013984772895791853
SOR DQN (w=1.3),105,0.07863333333333332,0.013989961840924827
SOR DQN (w=1.3),106,0.0785990566037736,0.013997051715177159
SOR DQN (w=1.3),107,0.07855607476635512,0.014005202705788658
SOR DQN (w=1.3),108,0.07853240740740743,0.014012098555055266
SOR DQN (w=1.3),109,0.07847247706422017,0.014016463538935658
SOR DQN (w=1.3),110,0.07844999999999999,0.014023439954520515
SOR DQN (w=1.3),111,0.07840090090090089,0.014029956971052356
SOR DQN (w=1.3),112,0.07837946428571428,0.014037608729134381
SOR DQN (w=1.3),113,0.07831415929203539,0.014042237642384743
SOR DQN (w=1.3),114,0.0783201754385965,0.014051975405521363
SOR DQN (w=1.3),115,0.07827391304347825,0.014057533293827307
SOR DQN (w=1.3),116,0.07825431034482759,0.014065490944435995
SOR DQN (w=1.3),117,0.0782008547008547,0.014070906488516501
SOR DQN (w=1.3),118,0.07819067796610168,0.014079428098103189
SOR DQN (w=1.3),119,0.07815546218487396,0.014086907600400196
SOR DQN (w=1.3),120,0.07812916666666667,0.014093663250017301
SOR DQN (w=1.3),121,0.07807024793388428,0.014097614501979702
SOR DQN (w=1.3),122,0.07803688524590163,0.014103437145636234
SOR DQN (w=1.3),123,0.0780121951219512,0.01411018124407073
SOR DQN (w=1.3),124,0.07797983870967744,0.014115267321749968
SOR DQN (w=1.3),125,0.077948,0.014120830057791741
SOR DQN (w=1.3),126,0.07790873015873015,0.014125203617217176
SOR DQN (w=1.3),127,0.07787007874015747,0.014130903556887757
SOR DQN (w=1.3),128,0.07784765625,0.014136903013770082
SOR DQN (w=1.3),129,0.07781007751937986,0.014142037043478257
SOR DQN (w=1.3),130,0.07778846153846153,0.014147855947797732
SOR DQN (w=1.3),131,0.07775190839694657,0.014152747308038584
SOR DQN (w=1.3),132,0.07770833333333332,0.014156341657383664
SOR DQN (w=1.3),133,0.077703007518797,0.01416493234994653
SOR DQN (w=1.3),134,0.07766791044776118,0.014168344827981098
SOR DQN (w=1.3),135,0.07763333333333333,0.014172988170573227
SOR DQN (w=1.3),136,0.07759191176470587,0.014176357756788787
SOR DQN (w=1.3),137,0.07755839416058395,0.014179981891166309
SOR DQN (w=1.3),138,0.07754710144927537,0.01418419533344002
SOR DQN (w=1.3),139,0.07753597122302157,0.014189660511580741
SOR DQN (w=1.3),140,0.07751071428571427,0.01419279254125555
SOR DQN (w=1.3),141,0.07749290780141843,0.014197943577788424
SOR DQN (w=1.3),142,0.07747535211267606,0.014201941040463429
SOR DQN (w=1.3),143,0.07743706293706294,0.014203796258765437
SOR DQN (w=1.3),144,0.07741319444444446,0.014206488519666086
SOR DQN (w=1.3),145,0.07738275862068966,0.014209386637745637
SOR DQN (w=1.3),146,0.07735958904109588,0.01421205772682607
SOR DQN (w=1.3),147,0.07732993197278912,0.014214316457287119
SOR DQN (w=1.3),148,0.07730743243243245,0.014217689634288015
SOR DQN (w=1.3),149,0.07729194630872485,0.014222043173189931
SOR DQN (w=1.3),150,0.07726333333333334,0.014223804580741867
SOR DQN (w=1.3),151,0.07723509933774836,0.014226776768472095
SOR DQN (w=1.3),152,0.07722039473684211,0.014230659746906205
SOR DQN (w=1.3),153,0.07719281045751634,0.01423354453921522
SOR DQN (w=1.3),154,0.07717207792207793,0.014235951163788431
SOR DQN (w=1.3),155,0.0771516129032258,0.014239170503516562
SOR DQN (w=1.3),156,0.077125,0.014241434278013783
SOR DQN (w=1.3),157,0.07709872611464968,0.014244296769276625
SOR DQN (w=1.3),158,0.07706645569620253,0.014245741450064587
SOR DQN (w=1.3),159,0.07705345911949686,0.014250029983128992
SOR DQN (w=1.3),160,0.077021875,0.01425159749641454
SOR DQN (w=1.3),161,0.07699689440993789,0.014253803735813348
SOR DQN (w=1.3),162,0.07697222222222223,0.014255892160547626
SOR DQN (w=1.3),163,0.0769478527607362,0.014258962920889517
SOR DQN (w=1.3),164,0.07691768292682925,0.014260143116250913
SOR DQN (w=1.3),165,0.07690000000000001,0.014263479083419458
SOR DQN (w=1.3),166,0.07688855421686748,0.014266581366061211
SOR DQN (w=1.3),167,0.07685928143712574,0.014268859837687393
SOR DQN (w=1.3),168,0.07683630952380952,0.014270973878637377
SOR DQN (w=1.3),169,0.07681952662721891,0.014274766184895394
SOR DQN (w=1.3),170,0.07680294117647059,0.01427761642316405
SOR DQN (w=1.3),171,0.07678070175438596,0.014280668207630697
SOR DQN (w=1.3),172,0.07676453488372093,0.014283311496091015
SOR DQN (w=1.3),173,0.07674277456647399,0.014286282509631657
SOR DQN (w=1.3),174,0.0767155172413793,0.014287624468104724
SOR DQN (w=1.3),175,0.0767057142857143,0.014291861471413654
SOR DQN (w=1.3),176,0.07670170454545455,0.014295534835176756
SOR DQN (w=1.3),177,0.07668079096045197,0.014298517856210065
SOR DQN (w=1.3),178,0.07665449438202246,0.014300132157320554
SOR DQN (w=1.3),179,0.07662290502793297,0.014302019674783957
SOR DQN (w=1.3),180,0.07660277777777777,0.014304074267327663
SOR DQN (w=1.3),181,0.07656629834254144,0.014304602731264866
SOR DQN (w=1.3),182,0.07655219780219781,0.014307149694730148
SOR DQN (w=1.3),183,0.07651639344262295,0.014308182827234804
SOR DQN (w=1.3),184,0.07648641304347825,0.014308759262383904
SOR DQN (w=1.3),185,0.07646216216216215,0.014310423088865102
SOR DQN (w=1.3),186,0.07644354838709677,0.014312112052859486
SOR DQN (w=1.3),187,0.07640909090909093,0.014312702909346647
SOR DQN (w=1.3),188,0.07639627659574466,0.014315055182765971
SOR DQN (w=1.3),189,0.07635714285714286,0.014315228809988664
SOR DQN (w=1.3),190,0.07634473684210526,0.014317868529816887
SOR DQN (w=1.3),191,0.07631151832460734,0.014318505905236204
SOR DQN (w=1.3),192,0.07629947916666667,0.014320872465825621
SOR DQN (w=1.3),193,0.07626683937823836,0.014321626271581955
SOR DQN (w=1.3),194,0.07625,0.01432356936606848
SOR DQN (w=1.3),195,0.07621282051282051,0.014323480051604148
SOR DQN (w=1.3),196,0.0762015306122449,0.014325864349642725
SOR DQN (w=1.3),197,0.07616497461928934,0.014325874156286167
SOR DQN (w=1.3),198,0.0761540404040404,0.014328409980236196
SOR DQN (w=1.3),199,0.07611306532663314,0.014327967383329879
SOR DQN (w=1.3),200,0.07610249999999999,0.014330362764359741
SOR DQN (w=1.3),201,0.07605223880597015,0.014328502336974545
SOR DQN (w=1.3),202,0.0760569306930693,0.014332839452123616
SOR DQN (w=1.3),203,0.0760073891625616,0.01433068384458871
SOR DQN (w=1.3),204,0.07600245098039216,0.014333336439400024
SOR DQN (w=1.3),205,0.07596829268292683,0.014332658513775565
SOR DQN (w=1.3),206,0.07597330097087379,0.014336599962703887
SOR DQN (w=1.3),207,0.07593478260869566,0.014335749110381147
SOR DQN (w=1.3),208,0.07593990384615386,0.014340148681611537
SOR DQN (w=1.3),209,0.0759066985645933,0.01434011454449658
SOR DQN (w=1.3),210,0.07589761904761905,0.01434266868093638
SOR DQN (w=1.3),211,0.07586018957345972,0.014342254171772545
SOR DQN (w=1.3),212,0.0758561320754717,0.014345568655269826
SOR DQN (w=1.3),213,0.07582863849765258,0.014346221860184933
SOR DQN (w=1.3),214,0.07582943925233644,0.01434990150936414
SOR DQN (w=1.3),215,0.07579767441860466,0.014349821311551821
SOR DQN (w=1.3),216,0.07578472222222221,0.014351943543752637
SOR DQN (w=1.3),217,0.07574423963133642,0.014350855822917149
SOR DQN (w=1.3),218,0.07574082568807339,0.014354117256076373
SOR DQN (w=1.3),219,0.07571461187214612,0.01435470049509132
SOR DQN (w=1.3),220,0.07571136363636365,0.014358066469033487
SOR DQN (w=1.3),221,0.07568099547511312,0.014358180696294843
SOR DQN (w=1.3),222,0.0756689189189189,0.014360175396546805
SOR DQN (w=1.3),223,0.0756390134529148,0.014360063975070333
SOR DQN (w=1.3),224,0.07563169642857143,0.01436237422962761
SOR DQN (w=1.3),225,0.07562,0.014364264595637817
SOR DQN (w=1.3),226,0.07561725663716815,0.014367121500554183
SOR DQN (w=1.3),227,0.07557929515418502,0.014366369809784273
SOR DQN (w=1.3),228,0.07555043859649122,0.014366518879331673
SOR DQN (w=1.3),229,0.07553056768558952,0.014367328745453217
SOR DQN (w=1.3),230,0.07551521739130435,0.014368723613082869
SOR DQN (w=1.3),231,0.07548701298701299,0.014368845249554084
SOR DQN (w=1.3),232,0.07547629310344829,0.014371105225197049
SOR DQN (w=1.3),233,0.07546137339055793,0.014372459085324231
SOR DQN (w=1.3),234,0.07543376068376068,0.014372629612669231
SOR DQN (w=1.3),235,0.0754063829787234,0.014372387960395593
SOR DQN (w=1.3),236,0.07540466101694916,0.014375257100773713
SOR DQN (w=1.3),237,0.07539029535864979,0.014376623893320558
SOR DQN (w=1.3),238,0.0753970588235294,0.0143804031843163
SOR DQN (w=1.3),239,0.0753786610878661,0.014381358813074759
SOR DQN (w=1.3),240,0.07536041666666667,0.014382703171099145
SOR DQN (w=1.3),241,0.07534647302904564,0.014383829593227619
SOR DQN (w=1.3),242,0.0753409090909091,0.014386049068755295
SOR DQN (w=1.3),243,0.07531893004115227,0.014386715144810717
SOR DQN (w=1.3),244,0.07530942622950818,0.014388500039913451
SOR DQN (w=1.3),245,0.07528775510204082,0.014389127871587802
SOR DQN (w=1.3),246,0.07526626016260163,0.014389627417182953
SOR DQN (w=1.3),247,0.0752651821862348,0.014392798473143386
SOR DQN (w=1.3),248,0.0752600806451613,0.014395000043950425
SOR DQN (w=1.3),249,0.07525903614457834,0.014398063806262825
SOR DQN (w=1.3),250,0.075238,0.01439844190868607
SOR DQN (w=1.3),251,0.07523306772908367,0.014400927717700407
SOR DQN (w=1.3),252,0.07521626984126985,0.01440182221920345
SOR DQN (w=1.3),253,0.07520750988142293,0.014403786922675686
SOR DQN (w=1.3),254,0.07518700787401575,0.014403864797798467
SOR DQN (w=1.3),255,0.07517450980392155,0.014405381698957486
SOR DQN (w=1.3),256,0.075158203125,0.01440640886724323
SOR DQN (w=1.3),257,0.07514980544747081,0.01440838728226432
SOR DQN (w=1.3),258,0.07514147286821705,0.014409583915836454
SOR DQN (w=1.3),259,0.07514092664092666,0.014411843030922968
SOR DQN (w=1.3),260,0.07513653846153846,0.014413145238437635
SOR DQN (w=1.3),261,0.07512835249042146,0.014414077377970564
SOR DQN (w=1.3),262,0.07513167938931296,0.014416367420395126
SOR DQN (w=1.3),263,0.07512167300380229,0.014417068289949628
SOR DQN (w=1.3),264,0.07512500000000001,0.014419213279902369
SOR DQN (w=1.3),265,0.07512830188679245,0.014421394644371721
SOR DQN (w=1.3),266,0.07511654135338346,0.014421434926252885
SOR DQN (w=1.3),267,0.07510486891385768,0.01442197854472278
SOR DQN (w=1.3),268,0.07510820895522388,0.014424157448197816
SOR DQN (w=1.3),269,0.07509665427509293,0.014424684410162758
SOR DQN (w=1.3),270,0.0751,0.01442675801006671
SOR DQN (w=1.3),271,0.0750959409594096,0.014428168666539941
SOR DQN (w=1.3),272,0.07508088235294118,0.014428119984262565
SOR DQN (w=1.3),273,0.07507326007326007,0.014429090588920376
SOR DQN (w=1.3),274,0.07507664233576643,0.014430962140540684
SOR DQN (w=1.3),275,0.07506909090909092,0.014431111616058374
SOR DQN (w=1.3),276,0.07507246376811594,0.014432743277293124
SOR DQN (w=1.3),277,0.075072202166065,0.014434105978212259
SOR DQN (w=1.3),278,0.075068345323741,0.014434987351477043
SOR DQN (w=1.3),279,0.07505734767025089,0.014435127910588461
SOR DQN (w=1.3),280,0.07506071428571429,0.01443730527566078
SOR DQN (w=1.3),281,0.07504626334519574,0.014437267328157276
SOR DQN (w=1.3),282,0.0750531914893617,0.014439735987681156
SOR DQN (w=1.3),283,0.07504593639575972,0.014440878822957897
SOR DQN (w=1.3),284,0.0750387323943662,0.014441977274001856
SOR DQN (w=1.3),285,0.07503157894736842,0.014442920747571685
SOR DQN (w=1.3),286,0.07502097902097903,0.014443407960538448
SOR DQN (w=1.3),287,0.07501393728222996,0.014444126079721138
SOR DQN (w=1.3),288,0.07502430555555556,0.014447065979601154
SOR DQN (w=1.3),289,0.07501038062283738,0.014447204873123913
SOR DQN (w=1.3),290,0.07500689655172413,0.014448609128963636
SOR DQN (w=1.3),291,0.07500343642611683,0.01444995075915053
SOR DQN (w=1.3),292,0.07500684931506849,0.01445188539007632
SOR DQN (w=1.3),293,0.075,0.014452937587283164
SOR DQN (w=1.3),294,0.07499999999999998,0.014454534860121474
SOR DQN (w=1.3),295,0.07498983050847458,0.014455174731933107
SOR DQN (w=1.3),296,0.07499324324324325,0.01445724712237164
SOR DQN (w=1.3),297,0.074979797979798,0.014457571935790267
SOR DQN (w=1.3),298,0.0749798657718121,0.014459206386923554
SOR DQN (w=1.3),299,0.07495986622073579,0.014458729149073852
SOR DQN (w=1.3),300,0.07496666666666667,0.014461208673438785
SOR DQN (w=1.3),301,0.07496345514950166,0.01446186737429524
SOR DQN (w=1.3),302,0.07497019867549667,0.01446393622677822
SOR DQN (w=1.3),303,0.07497029702970298,0.014465245298583672
SOR DQN (w=1.3),304,0.07496052631578948,0.014465677995443066
SOR DQN (w=1.3),305,0.07495409836065574,0.014466770930992568
SOR DQN (w=1.3),306,0.07494771241830066,0.014467777860745958
SOR DQN (w=1.3),307,0.07494462540716612,0.0144689527711154
SOR DQN (w=1.3),308,0.0749448051948052,0.014470583005376483
SOR DQN (w=1.3),309,0.07493851132686084,0.014471563734163508
SOR DQN (w=1.3),310,0.07493225806451613,0.014472442505732116
SOR DQN (w=1.3),311,0.07492926045016077,0.014473821992657043
SOR DQN (w=1.3),312,0.07492628205128204,0.014475157921471391
SOR DQN (w=1.3),313,0.07491693290734824,0.014475762064070245
SOR DQN (w=1.3),314,0.0749267515923567,0.014478564019676793
SOR DQN (w=1.3),315,0.0749111111111111,0.014477956807657153
SOR DQN (w=1.3),316,0.07491455696202533,0.014479054408143642
SOR DQN (w=1.3),317,0.07491482649842271,0.014480337528589158
SOR DQN (w=1.3),318,0.0749119496855346,0.014481346244362982
SOR DQN (w=1.3),319,0.07491536050156739,0.014482461515859116
SOR DQN (w=1.3),320,0.074915625,0.01448342189760757
SOR DQN (w=1.3),321,0.07491588785046727,0.014484077395257887
SOR DQN (w=1.3),322,0.07492236024844719,0.014486179221048633
SOR DQN (w=1.3),323,0.07491331269349845,0.014486531097261881
SOR DQN (w=1.3),324,0.07490123456790124,0.014486654878354951
SOR DQN (w=1.3),325,0.07490153846153845,0.01448775851987258
SOR DQN (w=1.3),326,0.07489877300613497,0.014489063872093004
SOR DQN (w=1.3),327,0.07489908256880733,0.014490413845585219
SOR DQN (w=1.3),328,0.07489329268292681,0.014491176044224304
SOR DQN (w=1.3),329,0.07489361702127662,0.014492495943340148
SOR DQN (w=1.3),330,0.07488787878787878,0.014493197218888079
SOR DQN (w=1.3),331,0.0748882175226586,0.014494618836049774
SOR DQN (w=1.3),332,0.07488855421686748,0.014496146559865574
SOR DQN (w=1.3),333,0.07488588588588589,0.014497274699549529
SOR DQN (w=1.3),334,0.07487425149700598,0.014497271537590032
SOR DQN (w=1.3),335,0.0748776119402985,0.014499177819167524
SOR DQN (w=1.3),336,0.07486904761904763,0.014499554757123459
SOR DQN (w=1.3),337,0.07486943620178042,0.014501147203547974
SOR DQN (w=1.3),338,0.07486686390532543,0.014502029024570269
SOR DQN (w=1.3),339,0.07486430678466076,0.014503219583729776
SOR DQN (w=1.3),340,0.07485588235294117,0.01450366497708941
SOR DQN (w=1.3),341,0.07485043988269795,0.014504443937981575
SOR DQN (w=1.3),342,0.07484795321637427,0.01450548658742398
SOR DQN (w=1.3),343,0.07484256559766765,0.014506297305888672
SOR DQN (w=1.3),344,0.07484302325581395,0.014507671917397746
SOR DQN (w=1.3),345,0.07484057971014492,0.014508753194081944
SOR DQN (w=1.3),346,0.07483526011560693,0.014509845562461373
SOR DQN (w=1.3),347,0.07483861671469742,0.014511799051803454
SOR DQN (w=1.3),348,0.07483045977011495,0.014512546529774243
SOR DQN (w=1.3),349,0.07482521489971347,0.01451358765226704
SOR DQN (w=1.3),350,0.0748257142857143,0.014515270008265533
SOR DQN (w=1.3),351,0.07482051282051282,0.014516437687889277
SOR DQN (w=1.3),352,0.0748096590909091,0.014516803260061814
SOR DQN (w=1.3),353,0.07481303116147309,0.014518819771826907
SOR DQN (w=1.3),354,0.07479378531073447,0.014518162522116261
SOR DQN (w=1.3),355,0.0747887323943662,0.014519255626936052
SOR DQN (w=1.3),356,0.07478651685393259,0.014520669125669003
SOR DQN (w=1.3),357,0.07478431372549019,0.014522092029157111
SOR DQN (w=1.3),358,0.07478212290502793,0.01452302208722895
SOR DQN (w=1.3),359,0.07478272980501392,0.014524421082384753
SOR DQN (w=1.3),360,0.07477777777777778,0.01452515047894314
SOR DQN (w=1.3),361,0.07477562326869805,0.014526339623563537
SOR DQN (w=1.3),362,0.0747707182320442,0.014527012025188465
SOR DQN (w=1.3),363,0.0747685950413223,0.01452841552775542
SOR DQN (w=1.3),364,0.07477472527472528,0.01453065838578034
SOR DQN (w=1.3),365,0.07476712328767124,0.01453154686361264
SOR DQN (w=1.3),366,0.07475956284153006,0.014532205157950994
SOR DQN (w=1.3),367,0.07476021798365122,0.014534050845547587
SOR DQN (w=1.3),368,0.07475271739130435,0.01453484379232628
SOR DQN (w=1.3),369,0.07475338753387532,0.014536441476461812
SOR DQN (w=1.3),370,0.07474864864864864,0.014537477354662686
SOR DQN (w=1.3),371,0.07475471698113208,0.014539706446770299
SOR DQN (w=1.3),372,0.074752688172043,0.014540956816546442
SOR DQN (w=1.3),373,0.07474530831099196,0.014541730518280204
SOR DQN (w=1.3),374,0.07472994652406416,0.014541451752430965
SOR DQN (w=1.3),375,0.07473066666666667,0.014543081052793267
SOR DQN (w=1.3),376,0.07471808510638298,0.014543099201026696
SOR DQN (w=1.3),377,0.07471618037135278,0.014544348570055368
SOR DQN (w=1.3),378,0.07472222222222223,0.014546612953074968
SOR DQN (w=1.3),379,0.0747150395778364,0.014547413470828904
SOR DQN (w=1.3),380,0.07471052631578945,0.014548303277039085
SOR DQN (w=1.3),381,0.07470603674540682,0.014549066510070912
SOR DQN (w=1.3),382,0.0746910994764398,0.014548773493326991
SOR DQN (w=1.3),383,0.07468146214099215,0.014549049294182402
SOR DQN (w=1.3),384,0.07467708333333334,0.014550071553225855
SOR DQN (w=1.3),385,0.07467012987012986,0.014550679074522989
SOR DQN (w=1.3),386,0.07466839378238342,0.014551953586588045
SOR DQN (w=1.3),387,0.07466149870801032,0.014552679817621521
SOR DQN (w=1.3),388,0.0746520618556701,0.014552917109501589
SOR DQN (w=1.3),389,0.07465038560411309,0.014554159952295448
SOR DQN (w=1.3),390,0.07464358974358976,0.014554452263792634
SOR DQN (w=1.3),391,0.07464450127877237,0.014555746792124648
SOR DQN (w=1.3),392,0.07464030612244897,0.014556653775649958
SOR DQN (w=1.3),393,0.07463358778625954,0.014557320430658
SOR DQN (w=1.3),394,0.07462944162436548,0.014558230953009477
SOR DQN (w=1.3),395,0.07461772151898734,0.014558353463226696
SOR DQN (w=1.3),396,0.07461111111111111,0.01455895038943583
SOR DQN (w=1.3),397,0.07460453400503778,0.01455966981674648
SOR DQN (w=1.3),398,0.07459798994974873,0.01456027310653866
SOR DQN (w=1.3),399,0.07459649122807016,0.014561554043581193
SOR DQN (w=1.3),400,0.07459249999999998,0.014562350444168305
Double DQN,1,0.511,0.03099832354277345
Double DQN,2,0.32925,0.02158477225947713
Double DQN,3,0.24316666666666667,0.016556837887603777
Double DQN,4,0.197,0.013497830827100961
Double DQN,5,0.166,0.011621851221979475
Double DQN,6,0.1435,0.010195732703703319
Double DQN,7,0.12785714285714284,0.009036309805163548
Double DQN,8,0.1153125,0.008262645000007332
Double DQN,9,0.10522222222222223,0.007727122448232068
Double DQN,10,0.09770000000000001,0.007313619553064473
Double DQN,11,0.09122727272727273,0.00700207398688444
Double DQN,12,0.085875,0.006778908502598166
Double DQN,13,0.08115384615384616,0.006592404031548395
Double DQN,14,0.07689285714285714,0.006436211674635998
Double DQN,15,0.07336666666666666,0.006328227603061674
Double DQN,16,0.07046875,0.006251820052184995
Double DQN,17,0.06802941176470588,0.0062191184053386524
Double DQN,18,0.06563888888888889,0.006194757979349881
Double DQN,19,0.06323684210526316,0.006190547291991988
Double DQN,20,0.061375000000000006,0.006196895956403858
Double DQN,21,0.05971428571428571,0.006215200041511169
Double DQN,22,0.05813636363636363,0.006243086102860034
Double DQN,23,0.05667391304347825,0.006279583825585096
Double DQN,24,0.0553125,0.006323494476819806
Double DQN,25,0.05414000000000001,0.006372330656096765
Double DQN,26,0.05317307692307692,0.006406657422351746
Double DQN,27,0.05224074074074074,0.006438724334682025
Double DQN,28,0.05141071428571428,0.006474203045941646
Double DQN,29,0.05053448275862069,0.0065112360523400725
Double DQN,30,0.04973333333333334,0.006550620199653711
Double DQN,31,0.048967741935483866,0.006590525819579908
Double DQN,32,0.04815625,0.006633419692568476
Double DQN,33,0.047424242424242424,0.006676314825133005
Double DQN,34,0.046764705882352944,0.00671890863267116
Double DQN,35,0.046142857142857145,0.00676195196628861
Double DQN,36,0.045666666666666675,0.006803132973330798
Double DQN,37,0.04513513513513514,0.006846191203940414
Double DQN,38,0.04463157894736841,0.006889299506707664
Double DQN,39,0.044128205128205124,0.006931592894845728
Double DQN,40,0.043675,0.006975620665910286
Double DQN,41,0.04331707317073171,0.00701516972197536
Double DQN,42,0.04297619047619047,0.007057760250783198
Double DQN,43,0.042604651162790705,0.007096807643612307
Double DQN,44,0.04225,0.007135867710310598
Double DQN,45,0.041888888888888885,0.007174369110597674
Double DQN,46,0.04152173913043478,0.007212023591626455
Double DQN,47,0.041191489361702124,0.0072486308073845375
Double DQN,48,0.04089583333333333,0.007284196685183051
Double DQN,49,0.040612244897959185,0.007319495543752658
Double DQN,50,0.04032000000000001,0.007354147751392361
Double DQN,51,0.04007843137254902,0.0073876270701917785
Double DQN,52,0.03984615384615385,0.007420559060963709
Double DQN,53,0.03960377358490566,0.0074528509373283465
Double DQN,54,0.03938888888888888,0.007484468040882816
Double DQN,55,0.039200000000000006,0.007515398946689817
Double DQN,56,0.03901785714285714,0.007546235488311046
Double DQN,57,0.03885964912280702,0.007577275914888261
Double DQN,58,0.038689655172413795,0.007607738500218291
Double DQN,59,0.038525423728813554,0.007637957265543649
Double DQN,60,0.03836666666666666,0.007667896905428869
Double DQN,61,0.038213114754098366,0.007697527975321507
Double DQN,62,0.038112903225806447,0.007726103065685112
Double DQN,63,0.03801587301587301,0.007755227681757775
Double DQN,64,0.03790625,0.0077843022439707445
Double DQN,65,0.03781538461538462,0.007812952335247897
Double DQN,66,0.03772727272727272,0.007841384646333683
Double DQN,67,0.03762686567164179,0.007869793652416484
Double DQN,68,0.03754411764705882,0.00789771376651212
Double DQN,69,0.037449275362318846,0.007925563129747843
Double DQN,70,0.03735714285714285,0.007953106783358784
Double DQN,71,0.03729577464788733,0.00798001756401453
Double DQN,72,0.037236111111111116,0.008006700576267786
Double DQN,73,0.03719178082191782,0.008033030116526275
Double DQN,74,0.03713513513513514,0.00805938495598616
Double DQN,75,0.037079999999999995,0.008085543729895778
Double DQN,76,0.037026315789473685,0.008111489790898261
Double DQN,77,0.03697402597402597,0.008137208817782895
Double DQN,78,0.03692307692307692,0.008162688564819604
Double DQN,79,0.03687341772151899,0.008187918637883105
Double DQN,80,0.0368125,0.008211459572576732
Double DQN,81,0.036765432098765434,0.008234641471668823
Double DQN,82,0.03671951219512195,0.008257634742264437
Double DQN,83,0.03666265060240964,0.008280398984803936
Double DQN,84,0.03660714285714286,0.008302896953476075
Double DQN,85,0.03655294117647059,0.008325126297496465
Double DQN,86,0.0365,0.008347085410313582
Double DQN,87,0.03645977011494253,0.008368732580584608
Double DQN,88,0.036409090909090905,0.008390148108612744
Double DQN,89,0.03635955056179776,0.00841129231562854
Double DQN,90,0.0363111111111111,0.008432165816025057
Double DQN,91,0.03626373626373626,0.008452769629131067
Double DQN,92,0.036217391304347826,0.00847310513076876
Double DQN,93,0.036182795698924734,0.008493390497485329
Double DQN,94,0.036159574468085105,0.00851335179623336
Double DQN,95,0.036136842105263155,0.008533136564814388
Double DQN,96,0.036104166666666666,0.008552739527400705
Double DQN,97,0.03608247422680412,0.008572019521249013
Double DQN,98,0.03606122448979592,0.00859116672785168
Double DQN,99,0.03604040404040404,0.008610130113341368
Double DQN,100,0.03601000000000001,0.008628199337500708
Double DQN,101,0.035980198019801984,0.008646246121023698
Double DQN,102,0.03594117647058823,0.008663967824881023
Double DQN,103,0.03590291262135922,0.008681452184851623
Double DQN,104,0.03586538461538461,0.00869870237789257
Double DQN,105,0.035828571428571425,0.008715721622744898
Double DQN,106,0.03579245283018868,0.008732513169224906
Double DQN,107,0.03576635514018691,0.00874918292338845
Double DQN,108,0.03573148148148148,0.00876552561681641
Double DQN,109,0.03569724770642202,0.008781650567316054
Double DQN,110,0.035663636363636356,0.008797561058661564
Double DQN,111,0.03563963963963964,0.008813385888344407
Double DQN,112,0.03560714285714285,0.008828873719855843
Double DQN,113,0.03559292035398231,0.008844223665038611
Double DQN,114,0.03557894736842106,0.008859398710540851
Double DQN,115,0.03555652173913043,0.008874223232734462
Double DQN,116,0.035534482758620686,0.00888566944092828
Double DQN,117,0.03551282051282051,0.008900198231067328
Double DQN,118,0.03550847457627118,0.008914461986915999
Double DQN,119,0.0355126050420168,0.008928514069548959
Double DQN,120,0.0355,0.00893964628234424
Double DQN,121,0.03549586776859504,0.008953811562241183
Double DQN,122,0.03547540983606557,0.008964860781255636
Double DQN,123,0.03544715447154472,0.008975593653023535
Double DQN,124,0.035435483870967746,0.008989344561067503
Double DQN,125,0.035424000000000004,0.009000200941618356
Double DQN,126,0.035420634920634915,0.009013788811008953
Double DQN,127,0.0354015748031496,0.009024202252265998
Double DQN,128,0.035390625,0.009037260847005575
Double DQN,129,0.03536434108527132,0.0090473645729291
Double DQN,130,0.03536153846153846,0.009060474780918384
Double DQN,131,0.035343511450381684,0.009070691920407261
Double DQN,132,0.035340909090909096,0.009083584301893708
Double DQN,133,0.03533082706766917,0.009093816028475938
Double DQN,134,0.035320895522388054,0.009104000347581647
Double DQN,135,0.03531111111111111,0.00911638098606482
Double DQN,136,0.035294117647058816,0.009126004450312489
Double DQN,137,0.03527737226277373,0.009137744391240947
Double DQN,138,0.035268115942028985,0.009147583304590612
Double DQN,139,0.03525179856115107,0.009159075720180354
Double DQN,140,0.03524285714285714,0.009168744739826935
Double DQN,141,0.035234042553191486,0.009180259547540008
Double DQN,142,0.03521830985915493,0.009189496799165022
Double DQN,143,0.035202797202797204,0.009198672007908686
Double DQN,144,0.0351875,0.009209577196516931
Double DQN,145,0.03516551724137932,0.009218156689995989
Double DQN,146,0.03515753424657535,0.009229263599460672
Double DQN,147,0.035142857142857135,0.009238099809381152
Double DQN,148,0.03513513513513514,0.009249007078235375
Double DQN,149,0.0351275167785235,0.00925793866238833
Double DQN,150,0.035120000000000005,0.009268442914866403
Double DQN,151,0.03510596026490067,0.009276774357830562
Double DQN,152,0.03509868421052632,0.009287097938682431
Double DQN,153,0.03509150326797385,0.009295736060949428
Double DQN,154,0.03507792207792208,0.00930555986315067
Double DQN,155,0.035064516129032254,0.009313736651204704
Double DQN,156,0.035057692307692304,0.009323823405829134
Double DQN,157,0.035044585987261144,0.00933185969092463
Double DQN,158,0.035037974683544304,0.009341587447872021
Double DQN,159,0.0350251572327044,0.009349308925949724
Double DQN,160,0.0350125,0.009357124295815318
Double DQN,161,0.03500621118012422,0.0093667521937104
Double DQN,162,0.035,0.009376119124278689
Double DQN,163,0.03498159509202453,0.009383234159472361
Double DQN,164,0.034975609756097564,0.009392433980881139
Double DQN,165,0.03496363636363637,0.009399873467721578
Double DQN,166,0.03495180722891565,0.009408581784140658
Double DQN,167,0.03494610778443114,0.009417522382571257
Double DQN,168,0.034928571428571434,0.009424284734927487
Double DQN,169,0.034923076923076925,0.009433068449930878
Double DQN,170,0.03491176470588235,0.009440146817939995
Double DQN,171,0.03490058479532163,0.009448443747961395
Double DQN,172,0.03488953488372093,0.009455396698884575
Double DQN,173,0.034878612716763006,0.009463538075329559
Double DQN,174,0.034867816091954024,0.009468705247233663
Double DQN,175,0.03486285714285714,0.009477025389688306
Double DQN,176,0.0348465909090909,0.00948179611642711
Double DQN,177,0.03484180790960452,0.009489979459577962
Double DQN,178,0.0348314606741573,0.009496581772314213
Double DQN,179,0.03483240223463687,0.009505078539235134
Double DQN,180,0.03482222222222221,0.009510021364958487
Double DQN,181,0.034812154696132594,0.009517583860408615
Double DQN,182,0.03479120879120879,0.009521647540623639
Double DQN,183,0.03478688524590164,0.009529428105690976
Double DQN,184,0.034782608695652174,0.009536048483122783
Double DQN,185,0.03477297297297297,0.009541887732007197
Double DQN,186,0.03475806451612903,0.009547600948873513
Double DQN,187,0.0347433155080214,0.009552996731386362
Double DQN,188,0.034739361702127665,0.009559415684259533
Double DQN,189,0.03472486772486772,0.009563682999982618
Double DQN,190,0.03472105263157896,0.009571042694767818
Double DQN,191,0.03470680628272251,0.00957515376271724
Double DQN,192,0.034703125,0.009580722062380375
Double DQN,193,0.03469948186528498,0.009586430600575435
Double DQN,194,0.03469072164948453,0.009590433340509835
Double DQN,195,0.03469230769230769,0.009597972386515547
Double DQN,196,0.034683673469387756,0.009603355874070484
Double DQN,197,0.034680203045685275,0.009608974132775608
Double DQN,198,0.03467171717171717,0.009613876362444875
Double DQN,199,0.03465829145728643,0.009618993836938797
Double DQN,200,0.034659999999999996,0.009624642360711986
Double DQN,201,0.03466666666666667,0.009631858062512329
Double DQN,202,0.03465841584158416,0.009637049777453197
Double DQN,203,0.03466009852216749,0.009643788759166662
Double DQN,204,0.034647058823529406,0.00964712889329714
Double DQN,205,0.0346439024390244,0.00965333792200366
Double DQN,206,0.034631067961165045,0.009657048229209871
Double DQN,207,0.034628019323671495,0.009662630762678256
Double DQN,208,0.0346201923076923,0.009667186378704475
Double DQN,209,0.03461722488038277,0.009672371048706342
Double DQN,210,0.034614285714285715,0.009677324219319284
Double DQN,211,0.034601895734597155,0.009681932526757765
Double DQN,212,0.03460377358490567,0.00968717729119704
Double DQN,213,0.0346056338028169,0.00969259560769572
Double DQN,214,0.0345981308411215,0.009697253448713285
Double DQN,215,0.034586046511627916,0.009701706188663228
Double DQN,216,0.03457870370370371,0.009706011440650338
Double DQN,217,0.03458064516129032,0.009712156559360268
Double DQN,218,0.03456880733944955,0.009715448928078891
Double DQN,219,0.0345662100456621,0.009720217129958051
Double DQN,220,0.03455909090909091,0.009724679251093701
Double DQN,221,0.03455203619909501,0.009729296244952742
Double DQN,222,0.03454504504504504,0.009734696346304455
Double DQN,223,0.03453811659192826,0.009737974518290058
Double DQN,224,0.034540178571428576,0.009744094288179607
Double DQN,225,0.03453777777777778,0.009748725738283637
Double DQN,226,0.03452654867256637,0.009751565291320057
Double DQN,227,0.03451982378854626,0.009754774323362967
Double DQN,228,0.03451754385964912,0.009759342254010457
Double DQN,229,0.034519650655021834,0.009764960178809264
Double DQN,230,0.03451304347826087,0.00976904801722565
Double DQN,231,0.034502164502164506,0.009772787661329762
Double DQN,232,0.0345,0.00977723728871891
Double DQN,233,0.034497854077253226,0.009781478426867255
Double DQN,234,0.03449145299145299,0.009785462827300142
Double DQN,235,0.03448936170212765,0.009789601502650413
Double DQN,236,0.03449152542372881,0.009794981790760183
Double DQN,237,0.034493670886075946,0.009799485123840082
Double DQN,238,0.03449159663865546,0.009803970014436034
Double DQN,239,0.034489539748953975,0.009808260438018407
Double DQN,240,0.034479166666666665,0.00981190206893673
Double DQN,241,0.034473029045643144,0.00981576638491292
Double DQN,242,0.03447520661157025,0.009820302285111767
Double DQN,243,0.03446913580246914,0.009823863259688183
Double DQN,244,0.034463114754098356,0.009827764530708051
Double DQN,245,0.034461224489795925,0.009831652020156402
Double DQN,246,0.034459349593495926,0.009835679906591975
Double DQN,247,0.03445748987854251,0.00983953031354944
Double DQN,248,0.03445967741935484,0.00984453447840239
Double DQN,249,0.034457831325301204,0.009847728373506783
Double DQN,250,0.034460000000000005,0.00985267843588742
Double DQN,251,0.03445418326693227,0.009855447131255433
Double DQN,252,0.03445238095238095,0.009859955368083638
Double DQN,253,0.03445059288537549,0.009863687529411597
Double DQN,254,0.03444488188976378,0.009867334355619393
Double DQN,255,0.03444313725490195,0.009871014603601187
Double DQN,256,0.0344375,0.009874605465303417
Double DQN,257,0.034435797665369645,0.009878246677701485
Double DQN,258,0.03443410852713178,0.009882008467522676
Double DQN,259,0.03442857142857143,0.009885397072307027
Double DQN,260,0.03442307692307692,0.009888723975111187
Double DQN,261,0.0344176245210728,0.009891899021626493
Double DQN,262,0.03441221374045801,0.009895916224829292
Double DQN,263,0.034399239543726236,0.009897885840801519
Double DQN,264,0.03440530303030303,0.009902821423771092
Double DQN,265,0.034403773584905664,0.009906571834480472
Double DQN,266,0.03440225563909775,0.009910025143769855
Double DQN,267,0.03439700374531836,0.009913365824732663
Double DQN,268,0.034388059701492536,0.009916170195364725
Double DQN,269,0.034382899628252785,0.009920001885968555
Double DQN,270,0.03438518518518518,0.009923731745904083
Double DQN,271,0.034380073800738,0.009926956004031467
Double DQN,272,0.03437132352941177,0.009929682544454648
Double DQN,273,0.03436630036630037,0.009932890374862495
Double DQN,274,0.03436861313868614,0.009937197061124404
Double DQN,275,0.03436000000000001,0.009939981401573693
Double DQN,276,0.03435507246376812,0.00994284815211969
Double DQN,277,0.03435379061371842,0.009946323811821112
Double DQN,278,0.034348920863309346,0.009949314205009727
Double DQN,279,0.034340501792114696,0.009952023977251135
Double DQN,280,0.03433571428571428,0.009954946265608427
Double DQN,281,0.03433096085409253,0.009957968777651512
Double DQN,282,0.03432978723404255,0.009961073616017033
Double DQN,283,0.03432508833922262,0.009964082003812227
Double DQN,284,0.03432394366197184,0.0099671756925574
Double DQN,285,0.03431578947368421,0.009969776775063966
Double DQN,286,0.03431468531468532,0.009972810013957972
Double DQN,287,0.0343170731707317,0.009976308593806521
Double DQN,288,0.03431597222222223,0.009979312848285087
Double DQN,289,0.034318339100346026,0.009982779952977923
Double DQN,290,0.03431034482758621,0.009985178080462056
Double DQN,291,0.034302405498281785,0.009987670321037255
Double DQN,292,0.034291095890410954,0.009989218435814906
Double DQN,293,0.03429010238907851,0.00999272878089216
Double DQN,294,0.03428231292517006,0.009994614852979214
Double DQN,295,0.034274576271186435,0.009996948050993803
Double DQN,296,0.034277027027027035,0.010000759334701346
Double DQN,297,0.034272727272727274,0.010003394289570661
Double DQN,298,0.034271812080536916,0.010006470108586019
Double DQN,299,0.034267558528428096,0.010009098115074876
Double DQN,300,0.03426,0.01001144997886961
Double DQN,301,0.03425581395348837,0.01001402488869645
Double DQN,302,0.034248344370860925,0.010016349118365245
Double DQN,303,0.03424752475247525,0.010019131932373217
Double DQN,304,0.03424342105263158,0.010021643529545708
Double DQN,305,0.034242622950819666,0.010024508692693637
Double DQN,306,0.034241830065359476,0.01002731815870203
Double DQN,307,0.034237785016286645,0.01002982476696301
Double DQN,308,0.03424350649350649,0.010033727022304494
Double DQN,309,0.03424271844660194,0.01003653291471398
Double DQN,310,0.034241935483870965,0.010039850580883714
Double DQN,311,0.03423151125401929,0.010041177042300552
Double DQN,312,0.034227564102564105,0.010044108738743859
Double DQN,313,0.03422044728434505,0.010045634337505329
Double DQN,314,0.03421974522292994,0.010048884112823737
Double DQN,315,0.03421587301587301,0.010050741713004305
Double DQN,316,0.03421518987341773,0.010053959643128638
Double DQN,317,0.034211356466876966,0.01005641274378369
Double DQN,318,0.034213836477987425,0.01005981303758018
Double DQN,319,0.03420689655172413,0.010061369678078594
Double DQN,320,0.03420937500000001,0.010064695252298056
Double DQN,321,0.03420560747663551,0.01006658606265267
Double DQN,322,0.03420496894409938,0.010069665106377593
Double DQN,323,0.03419814241486068,0.010071221521722684
Double DQN,324,0.03419444444444445,0.01007336229668942
Double DQN,325,0.0341876923076923,0.010074183169994639
Double DQN,326,0.03418711656441718,0.010077239389045747
Double DQN,327,0.034174311926605506,0.01007748908205326
Double DQN,328,0.034170731707317076,0.010080170565672049
Double DQN,329,0.0341580547112462,0.010080418029207837
Double DQN,330,0.034157575757575755,0.010083287923577459
Double DQN,331,0.034157099697885204,0.010085664489156583
Double DQN,332,0.03415361445783133,0.010087123930857912
Double DQN,333,0.03414414414414415,0.010088129792913956
Double DQN,334,0.03414371257485029,0.010090482824064108
Double DQN,335,0.03414029850746269,0.010092112329009896
Double DQN,336,0.03413392857142857,0.010093375980160024
Double DQN,337,0.03412759643916914,0.010094146472255826
Double DQN,338,0.03412721893491124,0.010095952783342833
Double DQN,339,0.034117994100294986,0.010096390520015909
Double DQN,340,0.03411176470588235,0.010097292353599768
Double DQN,341,0.03410557184750733,0.01009851255785211
Double DQN,342,0.03409356725146199,0.010098233159941097
Double DQN,343,0.03408746355685132,0.010099378534620885
Double DQN,344,0.03407848837209302,0.010099853114495336
Double DQN,345,0.034072463768115936,0.010100994714795065
Double DQN,346,0.0340606936416185,0.010100615802208557
Double DQN,347,0.03405763688760808,0.010102491091486528
Double DQN,348,0.034048850574712644,0.010102971386122372
Double DQN,349,0.03404011461318052,0.010103335224435872
Double DQN,350,0.03403428571428572,0.010104478073869293
Double DQN,351,0.034028490028490024,0.010105170523009698
Double DQN,352,0.03402272727272727,0.010106805285882564
Double DQN,353,0.03401133144475921,0.010106459408832785
Double DQN,354,0.03400564971751412,0.010107482069379815
Double DQN,355,0.034,0.010108292125672193
Double DQN,356,0.03399719101123595,0.01010968972452416
Double DQN,357,0.03399159663865547,0.010110286574521801
Double DQN,358,0.03398882681564246,0.010112208252583379
Double DQN,359,0.03398050139275766,0.01011269126601852
Double DQN,360,0.03397222222222222,0.010113475337240765
Double DQN,361,0.033966759002770075,0.010114162226116132
Double DQN,362,0.033969613259668505,0.010116567502052998
Double DQN,363,0.03396694214876033,0.010116816641971555
Double DQN,364,0.03396703296703296,0.010118673512173108
Double DQN,365,0.03396438356164384,0.010119240838198776
Double DQN,366,0.03395901639344263,0.010120395402155404
Double DQN,367,0.0339591280653951,0.01012128459138663
Double DQN,368,0.033961956521739126,0.010123014612782436
Double DQN,369,0.03395663956639566,0.010123521164890906
Double DQN,370,0.033959459459459454,0.010125090742647296
Double DQN,371,0.03395687331536388,0.010126161252983754
Double DQN,372,0.033959677419354836,0.01012773047760041
Double DQN,373,0.0339544235924933,0.01012802905659281
Double DQN,374,0.03395454545454546,0.010130082930580752
Double DQN,375,0.033946666666666674,0.010130300336207852
Double DQN,376,0.03394414893617021,0.01013173655675545
Double DQN,377,0.033938992042440316,0.010132039934163962
Double DQN,378,0.03393650793650794,0.010133232403007645
Double DQN,379,0.03393931398416886,0.010135261384937672
Double DQN,380,0.033931578947368424,0.010135696673376184
Double DQN,381,0.03393175853018373,0.010137068321848262
Double DQN,382,0.033929319371727745,0.01013810466455126
Double DQN,383,0.03392689295039165,0.010138882367659597
Double DQN,384,0.0339296875,0.010140428944781179
Double DQN,385,0.033919480519480516,0.010140636278708684
Double DQN,386,0.03391968911917098,0.010142579578939423
Double DQN,387,0.03390956072351421,0.01014232454410137
Double DQN,388,0.03390979381443299,0.010144078557967257
Double DQN,389,0.033904884318766065,0.010144645671636547
Double DQN,390,0.0339025641025641,0.010146374390108735
Double DQN,391,0.03389769820971868,0.010146674485754128
Double DQN,392,0.03389285714285714,0.010147815442658494
Double DQN,393,0.03388804071246818,0.01014815765096429
Double DQN,394,0.03388578680203045,0.010148831622981651
Double DQN,395,0.03388101265822784,0.010150219955822666
Double DQN,396,0.03387121212121212,0.010150325882115107
Double DQN,397,0.03387153652392946,0.010152208193059443
Double DQN,398,0.033869346733668336,0.010152835232417116
Double DQN,399,0.03386716791979949,0.01015341577126863
Double DQN,400,0.0338625,0.01015445474858158
Double SOR DQN (w=1.3),1,0.511,0.03099832354277345
Double SOR DQN (w=1.3),2,0.332,0.021528496411913157
Double SOR DQN (w=1.3),3,0.23916666666666667,0.015693887674268436
Double SOR DQN (w=1.3),4,0.18875,0.012387546116919154
Double SOR DQN (w=1.3),5,0.15690000000000004,0.010367709043699809
Double SOR DQN (w=1.3),6,0.13475,0.008879185589096247
Double SOR DQN (w=1.3),7,0.11878571428571426,0.007863197662368501
Double SOR DQN (w=1.3),8,0.106875,0.007119007454845243
Double SOR DQN (w=1.3),9,0.09766666666666667,0.006537906011107211
Double SOR DQN (w=1.3),10,0.0897,0.006119677042385742
Double SOR DQN (w=1.3),11,0.08327272727272728,0.0058107697395118636
Double SOR DQN (w=1.3),12,0.07729166666666666,0.005492043864509697
Double SOR DQN (w=1.3),13,0.072,0.005233905820643904
Double SOR DQN (w=1.3),14,0.06757142857142856,0.005025146614627129
Double SOR DQN (w=1.3),15,0.06386666666666665,0.0048533751595949285
Double SOR DQN (w=1.3),16,0.060625,0.004723144076244653
Double SOR DQN (w=1.3),17,0.05776470588235294,0.004611441547884017
Double SOR DQN (w=1.3),18,0.055055555555555566,0.004520059151411974
Double SOR DQN (w=1.3),19,0.05263157894736842,0.004451788912190415
Double SOR DQN (w=1.3),20,0.05045,0.004399571832384182
Double SOR DQN (w=1.3),21,0.04842857142857143,0.0043571678697496286
Double SOR DQN (w=1.3),22,0.04663636363636364,0.004324517309371064
Double SOR DQN (w=1.3),23,0.04513043478260869,0.0043012448199493385
Double SOR DQN (w=1.3),24,0.043625,0.0042873421447973395
Double SOR DQN (w=1.3),25,0.04228,0.004270618785535812
Double SOR DQN (w=1.3),26,0.041,0.004257284556483369
Double SOR DQN (w=1.3),27,0.03977777777777777,0.004249272034879227
Double SOR DQN (w=1.3),28,0.038607142857142854,0.004228247767004576
Double SOR DQN (w=1.3),29,0.03755172413793103,0.004211798923661959
Double SOR DQN (w=1.3),30,0.036533333333333334,0.004199371045480747
Double SOR DQN (w=1.3),31,0.03564516129032257,0.004189570111771223
Double SOR DQN (w=1.3),32,0.03484375,0.004183397392482686
Double SOR DQN (w=1.3),33,0.03409090909090908,0.004181616723865586
Double SOR DQN (w=1.3),34,0.03347058823529411,0.004181187201952006
Double SOR DQN (w=1.3),35,0.03277142857142857,0.004185968526937166
Double SOR DQN (w=1.3),36,0.03211111111111111,0.004191193339935995
Double SOR DQN (w=1.3),37,0.03145945945945946,0.00419855037935255
Double SOR DQN (w=1.3),38,0.030842105263157893,0.004207264596711749
Double SOR DQN (w=1.3),39,0.030333333333333337,0.004216464914934931
Double SOR DQN (w=1.3),40,0.0298375,0.0042272974761307855
Double SOR DQN (w=1.3),41,0.02937804878048781,0.004238163171033419
Double SOR DQN (w=1.3),42,0.028916666666666663,0.004250007348518643
Double SOR DQN (w=1.3),43,0.0285,0.004261346093096555
Double SOR DQN (w=1.3),44,0.02805681818181818,0.004274383507676048
Double SOR DQN (w=1.3),45,0.027611111111111107,0.004287542582494704
Double SOR DQN (w=1.3),46,0.027184782608695647,0.004300880548227919
Double SOR DQN (w=1.3),47,0.02677659574468085,0.004314332687951083
Double SOR DQN (w=1.3),48,0.026385416666666665,0.004327844309439596
Double SOR DQN (w=1.3),49,0.026030612244897958,0.0043410833445816956
Double SOR DQN (w=1.3),50,0.02571,0.004354391127532245
Double SOR DQN (w=1.3),51,0.02536274509803921,0.0043678442276208485
Double SOR DQN (w=1.3),52,0.02504807692307692,0.004380950996445919
Double SOR DQN (w=1.3),53,0.024745283018867924,0.004394276243851939
Double SOR DQN (w=1.3),54,0.024453703703703703,0.004407762957454032
Double SOR DQN (w=1.3),55,0.024172727272727273,0.0044213616898097965
Double SOR DQN (w=1.3),56,0.023937499999999997,0.004436224129626263
Double SOR DQN (w=1.3),57,0.023692982456140353,0.00444991413071481
Double SOR DQN (w=1.3),58,0.023456896551724137,0.00446334296672832
Double SOR DQN (w=1.3),59,0.02321186440677966,0.004476973050824613
Double SOR DQN (w=1.3),60,0.022975,0.004490554036976222
Double SOR DQN (w=1.3),61,0.022745901639344264,0.004504065308269502
Double SOR DQN (w=1.3),62,0.022524193548387098,0.004517489203369846
Double SOR DQN (w=1.3),63,0.02230952380952381,0.004530810649206842
Double SOR DQN (w=1.3),64,0.0221015625,0.004544016839985236
Double SOR DQN (w=1.3),65,0.0219,0.004557096956427387
Double SOR DQN (w=1.3),66,0.021704545454545452,0.004570041919989347
Double SOR DQN (w=1.3),67,0.021514925373134326,0.004582844177510524
Double SOR DQN (w=1.3),68,0.021330882352941175,0.004595497512373069
Double SOR DQN (w=1.3),69,0.021152173913043477,0.004607996878776583
Double SOR DQN (w=1.3),70,0.020978571428571426,0.004620338256188783
Double SOR DQN (w=1.3),71,0.020809859154929576,0.004632518521424252
Double SOR DQN (w=1.3),72,0.020645833333333335,0.00464453533614057
Double SOR DQN (w=1.3),73,0.020486301369863014,0.004656387047831536
Double SOR DQN (w=1.3),74,0.02033108108108108,0.0046680726026478315
Double SOR DQN (w=1.3),75,0.02018,0.004679591468591822
Double SOR DQN (w=1.3),76,0.020032894736842104,0.0046909435678201645
Double SOR DQN (w=1.3),77,0.01988961038961039,0.004702129216949689
Double SOR DQN (w=1.3),78,0.01975,0.004713149074402108
Double SOR DQN (w=1.3),79,0.019613924050632912,0.004724004093944574
Double SOR DQN (w=1.3),80,0.01948125,0.004734695483688551
Double SOR DQN (w=1.3),81,0.019351851851851853,0.004745224669900988
Double SOR DQN (w=1.3),82,0.01922560975609756,0.0047555932650614995
Double SOR DQN (w=1.3),83,0.019102409638554214,0.004765803039668549
Double SOR DQN (w=1.3),84,0.018982142857142854,0.004775855897358097
Double SOR DQN (w=1.3),85,0.01886470588235294,0.004785753852950908
Double SOR DQN (w=1.3),86,0.01875,0.00479549901309073
Double SOR DQN (w=1.3),87,0.01863793103448276,0.004805093559175847
Double SOR DQN (w=1.3),88,0.018528409090909092,0.004814539732321747
Double SOR DQN (w=1.3),89,0.018421348314606744,0.00482383982012346
Double SOR DQN (w=1.3),90,0.018316666666666665,0.004832996145013258
Double SOR DQN (w=1.3),91,0.018214285714285714,0.0048420110540331
Double SOR DQN (w=1.3),92,0.018125,0.004850777608493809
Double SOR DQN (w=1.3),93,0.01802688172043011,0.004859518488467462
Double SOR DQN (w=1.3),94,0.01793085106382979,0.004868125008861074
Double SOR DQN (w=1.3),95,0.017836842105263158,0.0048765995378534785
Double SOR DQN (w=1.3),96,0.01775520833333333,0.004884841590021919
Double SOR DQN (w=1.3),97,0.017664948453608248,0.004893060721671651
Double SOR DQN (w=1.3),98,0.017576530612244894,0.004901154845423559
Double SOR DQN (w=1.3),99,0.01748989898989899,0.0049091262647292175
Double SOR DQN (w=1.3),100,0.017405,0.004916977257921264
Double SOR DQN (w=1.3),101,0.017321782178217823,0.004924710075772244
Double SOR DQN (w=1.3),102,0.01724019607843137,0.004932326939433861
Double SOR DQN (w=1.3),103,0.017160194174757278,0.004939830038713478
Double SOR DQN (w=1.3),104,0.017081730769230766,0.004947221530649455
Double SOR DQN (w=1.3),105,0.017004761904761904,0.004954503538351119
Double SOR DQN (w=1.3),106,0.01692924528301887,0.004961678150072822
Double SOR DQN (w=1.3),107,0.016855140186915887,0.004968747418494959
Double SOR DQN (w=1.3),108,0.016782407407407406,0.004975713360187664
Double SOR DQN (w=1.3),109,0.016711009174311925,0.004982577955235567
Double SOR DQN (w=1.3),110,0.01664090909090909,0.004989343147004344
Double SOR DQN (w=1.3),111,0.01658108108108108,0.004996364414457912
Double SOR DQN (w=1.3),112,0.01652232142857143,0.00500333665428518
Double SOR DQN (w=1.3),113,0.016464601769911505,0.005010258851430394
Double SOR DQN (w=1.3),114,0.016407894736842107,0.0050171301161387235
Double SOR DQN (w=1.3),115,0.01635217391304348,0.005023949674366272
Double SOR DQN (w=1.3),116,0.016297413793103448,0.005030716858904192
Double SOR DQN (w=1.3),117,0.01624358974358974,0.005037431101161554
Double SOR DQN (w=1.3),118,0.016190677966101696,0.0050440919235561574
Double SOR DQN (w=1.3),119,0.016138655462184872,0.005050698932466597
Double SOR DQN (w=1.3),120,0.016087499999999998,0.0050572518117027055
Double SOR DQN (w=1.3),121,0.016037190082644627,0.005063750316454906
Double SOR DQN (w=1.3),122,0.015987704918032787,0.005070194267686215
Double SOR DQN (w=1.3),123,0.015939024390243903,0.00507658354693351
Double SOR DQN (w=1.3),124,0.01589112903225806,0.005082918091487321
Double SOR DQN (w=1.3),125,0.015844,0.005089197889921868
Double SOR DQN (w=1.3),126,0.015797619047619043,0.005095422977949241
Double SOR DQN (w=1.3),127,0.01575196850393701,0.005101593434573703
Double SOR DQN (w=1.3),128,0.01571484375,0.00510768589720786
Double SOR DQN (w=1.3),129,0.015670542635658917,0.0051137474217867645
Double SOR DQN (w=1.3),130,0.015626923076923076,0.005119754782734345
Double SOR DQN (w=1.3),131,0.015583969465648856,0.005125708198788537
Double SOR DQN (w=1.3),132,0.015541666666666665,0.005131607916545515
Double SOR DQN (w=1.3),133,0.0155,0.005137454208004238
Double SOR DQN (w=1.3),134,0.015458955223880595,0.005143247368287606
Double SOR DQN (w=1.3),135,0.015418518518518515,0.0051489877135274895
Double SOR DQN (w=1.3),136,0.015378676470588234,0.005154675578901907
Double SOR DQN (w=1.3),137,0.015339416058394164,0.005160311316813476
Double SOR DQN (w=1.3),138,0.01530072463768116,0.005165895295199085
Double SOR DQN (w=1.3),139,0.015262589928057551,0.005171427895961446
Double SOR DQN (w=1.3),140,0.015224999999999999,0.005176909513513937
Double SOR DQN (w=1.3),141,0.015187943262411345,0.005182340553430713
Double SOR DQN (w=1.3),142,0.015151408450704224,0.005187721431194686
Double SOR DQN (w=1.3),143,0.015115384615384617,0.005193052571036505
Double SOR DQN (w=1.3),144,0.01507986111111111,0.005198334404858166
Double SOR DQN (w=1.3),145,0.015044827586206896,0.005203567371235342
Double SOR DQN (w=1.3),146,0.01501027397260274,0.005208751914492932
Double SOR DQN (w=1.3),147,0.014976190476190475,0.005213888483848776
Double SOR DQN (w=1.3),148,0.014942567567567568,0.005218977532620757
Double SOR DQN (w=1.3),149,0.01490939597315436,0.005224019517492935
Double SOR DQN (w=1.3),150,0.014876666666666667,0.005229014897836623
Double SOR DQN (w=1.3),151,0.014844370860927153,0.005233964135082612
Double SOR DQN (w=1.3),152,0.014812499999999998,0.005238867692141001
Double SOR DQN (w=1.3),153,0.014781045751633986,0.005243726032865395
Double SOR DQN (w=1.3),154,0.01475,0.005248539621558378
Double SOR DQN (w=1.3),155,0.014719354838709677,0.00525330892251545
Double SOR DQN (w=1.3),156,0.014689102564102562,0.005258034399604784
Double SOR DQN (w=1.3),157,0.01465923566878981,0.005262716515880338
Double SOR DQN (w=1.3),158,0.01462974683544304,0.005267355733226038
Double SOR DQN (w=1.3),159,0.01460062893081761,0.005271952512028907
Double SOR DQN (w=1.3),160,0.014571875000000001,0.005276507310879152
Double SOR DQN (w=1.3),161,0.014543478260869562,0.005281020586295344
Double SOR DQN (w=1.3),162,0.014515432098765432,0.005285492792473007
Double SOR DQN (w=1.3),163,0.014487730061349692,0.005289924381054961
Double SOR DQN (w=1.3),164,0.014460365853658536,0.0052943158009219745
Double SOR DQN (w=1.3),165,0.014433333333333333,0.0052986674980022765
Double SOR DQN (w=1.3),166,0.0144066265060241,0.005302979915098668
Double SOR DQN (w=1.3),167,0.014380239520958082,0.005307253491732014
Double SOR DQN (w=1.3),168,0.014354166666666666,0.0053114886639999545
Double SOR DQN (w=1.3),169,0.014328402366863906,0.0053156858644498135
Double SOR DQN (w=1.3),170,0.014302941176470586,0.005319845521964702
Double SOR DQN (w=1.3),171,0.014271929824561404,0.005322360780196813
Double SOR DQN (w=1.3),172,0.014241279069767444,0.0053248546344833855
Double SOR DQN (w=1.3),173,0.014210982658959538,0.005327327310005476
Double SOR DQN (w=1.3),174,0.014181034482758623,0.005329779030336005
Double SOR DQN (w=1.3),175,0.014151428571428572,0.005332210017378294
Double SOR DQN (w=1.3),176,0.01412215909090909,0.005334620491310566
Double SOR DQN (w=1.3),177,0.014093220338983052,0.005337010670535924
Double SOR DQN (w=1.3),178,0.014064606741573034,0.005339380771637514
Double SOR DQN (w=1.3),179,0.014036312849162012,0.0053417310093385
Double SOR DQN (w=1.3),180,0.014008333333333331,0.005344061596466523
Double SOR DQN (w=1.3),181,0.013980662983425417,0.005346372743922374
Double SOR DQN (w=1.3),182,0.0139532967032967,0.005348664660652569
Double SOR DQN (w=1.3),183,0.01392622950819672,0.005350937553625573
Double SOR DQN (w=1.3),184,0.01389945652173913,0.005353191627811442
Double SOR DQN (w=1.3),185,0.013872972972972972,0.00535542708616461
Double SOR DQN (w=1.3),186,0.013846774193548388,0.005357644129609656
Double SOR DQN (w=1.3),187,0.013820855614973261,0.005359842957029813
Double SOR DQN (w=1.3),188,0.013795212765957446,0.005362023765258032
Double SOR DQN (w=1.3),189,0.01376984126984127,0.005364186749070428
Double SOR DQN (w=1.3),190,0.013744736842105263,0.005366332101181947
Double SOR DQN (w=1.3),191,0.013719895287958113,0.005368460012244079
Double SOR DQN (w=1.3),192,0.013695312499999997,0.005370570670844483
Double SOR DQN (w=1.3),193,0.013670984455958551,0.005372664263508387
Double SOR DQN (w=1.3),194,0.013646907216494843,0.005374740974701617
Double SOR DQN (w=1.3),195,0.01362307692307692,0.005376800986835157
Double SOR DQN (w=1.3),196,0.013599489795918365,0.005378844480271105
Double SOR DQN (w=1.3),197,0.013576142131979696,0.005380871633329934
Double SOR DQN (w=1.3),198,0.013553030303030301,0.005382882622298937
Double SOR DQN (w=1.3),199,0.013530150753768844,0.0053848776214418
Double SOR DQN (w=1.3),200,0.013507499999999999,0.005386856803009165
Double SOR DQN (w=1.3),201,0.013485074626865672,0.0053888203372501435
Double SOR DQN (w=1.3),202,0.013462871287128713,0.005390768392424682
Double SOR DQN (w=1.3),203,0.01344088669950739,0.005392701134816703
Double SOR DQN (w=1.3),204,0.013419117647058823,0.005394618728747976
Double SOR DQN (w=1.3),205,0.013397560975609757,0.005396521336592633
Double SOR DQN (w=1.3),206,0.013376213592233007,0.005398409118792272
Double SOR DQN (w=1.3),207,0.013355072463768117,0.005400282233871611
Double SOR DQN (w=1.3),208,0.013334134615384614,0.00540214083845461
Double SOR DQN (w=1.3),209,0.013313397129186602,0.005403985087281048
Double SOR DQN (w=1.3),210,0.013292857142857141,0.005405815133223474
Double SOR DQN (w=1.3),211,0.013272511848341231,0.005407631127304513
Double SOR DQN (w=1.3),212,0.01325235849056604,0.0054094332187144805
Double SOR DQN (w=1.3),213,0.013232394366197183,0.00541122155482927
Double SOR DQN (w=1.3),214,0.013212616822429904,0.005412996281228462
Double SOR DQN (w=1.3),215,0.013193023255813955,0.005414757541713656
Double SOR DQN (w=1.3),216,0.013173611111111108,0.005416505478326955
Double SOR DQN (w=1.3),217,0.013154377880184335,0.005418240231369618
Double SOR DQN (w=1.3),218,0.013135321100917434,0.005419961939420803
Double SOR DQN (w=1.3),219,0.013116438356164382,0.005421670739356418
Double SOR DQN (w=1.3),220,0.013097727272727277,0.005423366766368043
Double SOR DQN (w=1.3),221,0.01307918552036199,0.0054250501539818965
Double SOR DQN (w=1.3),222,0.01306081081081081,0.0054267210340778315
Double SOR DQN (w=1.3),223,0.01304260089686099,0.005428379536908334
Double SOR DQN (w=1.3),224,0.01302455357142857,0.0054300257911175315
Double SOR DQN (w=1.3),225,0.013006666666666668,0.005431659923760156
Double SOR DQN (w=1.3),226,0.012988938053097343,0.005433282060320493
Double SOR DQN (w=1.3),227,0.012971365638766521,0.005434892324731247
Double SOR DQN (w=1.3),228,0.012953947368421053,0.005436490839392383
Double SOR DQN (w=1.3),229,0.012936681222707422,0.005438077725189856
Double SOR DQN (w=1.3),230,0.012919565217391304,0.005439653101514266
Double SOR DQN (w=1.3),231,0.012902597402597402,0.0054412170862794245
Double SOR DQN (w=1.3),232,0.012885775862068967,0.005442769795940796
Double SOR DQN (w=1.3),233,0.012869098712446354,0.005444311345513846
Double SOR DQN (w=1.3),234,0.012852564102564102,0.0054458418485922476
Double SOR DQN (w=1.3),235,0.012836170212765955,0.005447361417365964
Double SOR DQN (w=1.3),236,0.012819915254237287,0.005448870162639205
Double SOR DQN (w=1.3),237,0.012803797468354429,0.005450368193848223
Double SOR DQN (w=1.3),238,0.012787815126050418,0.005451855619078974
Double SOR DQN (w=1.3),239,0.01277196652719665,0.005453332545084625
Double SOR DQN (w=1.3),240,0.012756249999999998,0.005454799077302901
Double SOR DQN (w=1.3),241,0.012740663900414936,0.005456255319873271
Double SOR DQN (w=1.3),242,0.012725206611570249,0.005457701375653974
Double SOR DQN (w=1.3),243,0.012709876543209878,0.00545913734623887
Double SOR DQN (w=1.3),244,0.01269467213114754,0.005460563331974134
Double SOR DQN (w=1.3),245,0.012679591836734694,0.005461979431974759
Double SOR DQN (w=1.3),246,0.012664634146341466,0.005463385744140903
Double SOR DQN (w=1.3),247,0.012649797570850201,0.005464782365174044
Double SOR DQN (w=1.3),248,0.012635080645161292,0.0054661693905929684
Double SOR DQN (w=1.3),249,0.012620481927710845,0.005467546914749578
Double SOR DQN (w=1.3),250,0.012606,0.005468915030844509
Double SOR DQN (w=1.3),251,0.01259163346613546,0.005470273830942577
Double SOR DQN (w=1.3),252,0.012577380952380953,0.0054716234059880445
Double SOR DQN (w=1.3),253,0.012563241106719365,0.005472963845819698
Double SOR DQN (w=1.3),254,0.012549212598425197,0.005474295239185743
Double SOR DQN (w=1.3),255,0.01253529411764706,0.005475617673758529
Double SOR DQN (w=1.3),256,0.012521484375,0.005476931236149081
Double SOR DQN (w=1.3),257,0.012507782101167314,0.005478236011921449
Double SOR DQN (w=1.3),258,0.012494186046511629,0.005479532085606889
Double SOR DQN (w=1.3),259,0.01248069498069498,0.005480819540717849
Double SOR DQN (w=1.3),260,0.012467307692307692,0.0054820984597617846
Double SOR DQN (w=1.3),261,0.012454022988505748,0.0054833689242547905
Double SOR DQN (w=1.3),262,0.012440839694656486,0.005484631014735062
Double SOR DQN (w=1.3),263,0.012427756653992395,0.00548588481077617
Double SOR DQN (w=1.3),264,0.012414772727272727,0.005487130391000164
Double SOR DQN (w=1.3),265,0.012401886792452832,0.005488367833090505
Double SOR DQN (w=1.3),266,0.0123890977443609,0.005489597213804814
Double SOR DQN (w=1.3),267,0.012376404494382022,0.005490818608987466
Double SOR DQN (w=1.3),268,0.012363805970149253,0.005492032093581994
Double SOR DQN (w=1.3),269,0.012351301115241634,0.005493237741643335
Double SOR DQN (w=1.3),270,0.012338888888888889,0.005494435626349911
Double SOR DQN (w=1.3),271,0.012326568265682656,0.005495625820015527
Double SOR DQN (w=1.3),272,0.012314338235294115,0.005496808394101133
Double SOR DQN (w=1.3),273,0.012302197802197802,0.005497983419226394
Double SOR DQN (w=1.3),274,0.012290145985401459,0.005499150965181109
Double SOR DQN (w=1.3),275,0.012278181818181817,0.005500311100936481
Double SOR DQN (w=1.3),276,0.012266304347826088,0.005501463894656222
Double SOR DQN (w=1.3),277,0.012254512635379062,0.0055026094137074835
Double SOR DQN (w=1.3),278,0.012242805755395682,0.005503747724671666
Double SOR DQN (w=1.3),279,0.012231182795698924,0.005504878893355049
Double SOR DQN (w=1.3),280,0.012219642857142856,0.005506002984799283
Double SOR DQN (w=1.3),281,0.012208185053380784,0.005507120063291729
Double SOR DQN (w=1.3),282,0.012196808510638297,0.005508230192375649
Double SOR DQN (w=1.3),283,0.012185512367491167,0.005509333434860242
Double SOR DQN (w=1.3),284,0.01217429577464789,0.005510429852830574
Double SOR DQN (w=1.3),285,0.012163157894736843,0.005511519507657301
Double SOR DQN (w=1.3),286,0.012152097902097904,0.005512602460006317
Double SOR DQN (w=1.3),287,0.012141114982578397,0.005513678769848222
Double SOR DQN (w=1.3),288,0.012130208333333335,0.0055147484964676655
Double SOR DQN (w=1.3),289,0.0121159169550173,0.005513674414353374
Double SOR DQN (w=1.3),290,0.012101724137931032,0.005512615143141175
Double SOR DQN (w=1.3),291,0.012087628865979382,0.005511570458289809
Double SOR DQN (w=1.3),292,0.0120736301369863,0.005510540139232027
Double SOR DQN (w=1.3),293,0.01205972696245734,0.005509523969293259
Double SOR DQN (w=1.3),294,0.012045918367346937,0.005508521735612171
Double SOR DQN (w=1.3),295,0.012032203389830506,0.0055075332290630725
Double SOR DQN (w=1.3),296,0.012018581081081081,0.005506558244180123
Double SOR DQN (w=1.3),297,0.012005050505050505,0.005505596579083287
Double SOR DQN (w=1.3),298,0.011991610738255035,0.005504648035405982
Double SOR DQN (w=1.3),299,0.011978260869565218,0.005503712418224403
Double SOR DQN (w=1.3),300,0.011965,0.005502789535988456
Double SOR DQN (w=1.3),301,0.011951827242524917,0.005501879200454271
Double SOR DQN (w=1.3),302,0.011938741721854305,0.005500981226618251
Double SOR DQN (w=1.3),303,0.011925742574257424,0.00550009543265261
Double SOR DQN (w=1.3),304,0.011912828947368422,0.005499221639842379
Double SOR DQN (w=1.3),305,0.011899999999999999,0.005498359672523839
Double SOR DQN (w=1.3),306,0.011887254901960784,0.005497509358024321
Double SOR DQN (w=1.3),307,0.011874592833876223,0.005496670526603372
Double SOR DQN (w=1.3),308,0.011862012987012989,0.005495843011395229
Double SOR DQN (w=1.3),309,0.011849514563106798,0.0054950266483525835
Double SOR DQN (w=1.3),310,0.011837096774193548,0.005494221276191597
Double SOR DQN (w=1.3),311,0.011824758842443729,0.005493426736338131
Double SOR DQN (w=1.3),312,0.011812499999999998,0.0054926428728751696
Double SOR DQN (w=1.3),313,0.01180031948881789,0.0054918695324914085
Double SOR DQN (w=1.3),314,0.011788216560509558,0.005491106564430967
Double SOR DQN (w=1.3),315,0.011776190476190475,0.005490353820444202
Double SOR DQN (w=1.3),316,0.011764240506329115,0.005489611154739622
Double SOR DQN (w=1.3),317,0.01175552050473186,0.005490661337896008
Double SOR DQN (w=1.3),318,0.011746855345911952,0.005491705628835551
Double SOR DQN (w=1.3),319,0.011738244514106584,0.0054927440758879426
Double SOR DQN (w=1.3),320,0.0117296875,0.005493776726872036
Double SOR DQN (w=1.3),321,0.011718068535825544,0.005493039259217065
Double SOR DQN (w=1.3),322,0.011706521739130433,0.005492311431042033
Double SOR DQN (w=1.3),323,0.011695046439628484,0.005491593107961305
Double SOR DQN (w=1.3),324,0.011683641975308641,0.005490884157763554
Double SOR DQN (w=1.3),325,0.01167230769230769,0.005490184450371132
Double SOR DQN (w=1.3),326,0.011661042944785276,0.00548949385780031
Double SOR DQN (w=1.3),327,0.011649847094801222,0.005488812254122356
Double SOR DQN (w=1.3),328,0.011638719512195122,0.005488139515425451
Double SOR DQN (w=1.3),329,0.011627659574468086,0.005487475519777376
Double SOR DQN (w=1.3),330,0.011616666666666666,0.0054868201471890265
Double SOR DQN (w=1.3),331,0.011605740181268882,0.005486173279578657
Double SOR DQN (w=1.3),332,0.011594879518072289,0.005485534800736892
Double SOR DQN (w=1.3),333,0.011584084084084087,0.005484904596292463
Double SOR DQN (w=1.3),334,0.011573353293413174,0.005484282553678655
Double SOR DQN (w=1.3),335,0.011562686567164178,0.00548366856210046
Double SOR DQN (w=1.3),336,0.011552083333333333,0.005483062512502394
Double SOR DQN (w=1.3),337,0.01154154302670623,0.005482464297537
Double SOR DQN (w=1.3),338,0.011531065088757397,0.005481873811533975
Double SOR DQN (w=1.3),339,0.011520648967551622,0.005481290950469964
Double SOR DQN (w=1.3),340,0.011510294117647058,0.005480715611938931
Double SOR DQN (w=1.3),341,0.0115,0.005480147695123179
Double SOR DQN (w=1.3),342,0.011489766081871345,0.005479587100764931
Double SOR DQN (w=1.3),343,0.011479591836734694,0.0054790337311385
Double SOR DQN (w=1.3),344,0.011469476744186047,0.005478487490023029
Double SOR DQN (w=1.3),345,0.011459420289855072,0.005477948282675768
Double SOR DQN (w=1.3),346,0.011449421965317917,0.0054774160158059014
Double SOR DQN (w=1.3),347,0.01143948126801153,0.00547689059754891
Double SOR DQN (w=1.3),348,0.011429597701149425,0.005476371937441427
Double SOR DQN (w=1.3),349,0.01141977077363897,0.005475859946396607
Double SOR DQN (w=1.3),350,0.01141,0.005475354536680008
Double SOR DQN (w=1.3),351,0.011400284900284902,0.005474855621885913
Double SOR DQN (w=1.3),352,0.011390625000000001,0.005474363116914161
Double SOR DQN (w=1.3),353,0.011381019830028328,0.005473876937947415
Double SOR DQN (w=1.3),354,0.011371468926553671,0.005473397002428891
Double SOR DQN (w=1.3),355,0.011361971830985916,0.00547292322904052
Double SOR DQN (w=1.3),356,0.011352528089887641,0.005472455537681543
Double SOR DQN (w=1.3),357,0.01134313725490196,0.005471993849447528
Double SOR DQN (w=1.3),358,0.011333798882681568,0.005471538086609797
Double SOR DQN (w=1.3),359,0.01132451253481894,0.005471088172595253
Double SOR DQN (w=1.3),360,0.011315277777777777,0.005470644031966599
Double SOR DQN (w=1.3),361,0.011306094182825487,0.005470205590402958
Double SOR DQN (w=1.3),362,0.01129696132596685,0.005469772774680838
Double SOR DQN (w=1.3),363,0.011287878787878788,0.005469345512655502
Double SOR DQN (w=1.3),364,0.011278846153846153,0.005468923733242664
Double SOR DQN (w=1.3),365,0.01126986301369863,0.005468507366400567
Double SOR DQN (w=1.3),366,0.011260928961748632,0.005468096343112384
Double SOR DQN (w=1.3),367,0.011252043596730243,0.005467690595368967
Double SOR DQN (w=1.3),368,0.01124320652173913,0.005467290056151921
Double SOR DQN (w=1.3),369,0.01123441734417344,0.0054668946594170105
Double SOR DQN (w=1.3),370,0.011225675675675676,0.005466504340077867
Double SOR DQN (w=1.3),371,0.011216981132075471,0.005466119033990021
Double SOR DQN (w=1.3),372,0.011208333333333332,0.0054657386779352266
Double SOR DQN (w=1.3),373,0.011199731903485255,0.005465363209606084
Double SOR DQN (w=1.3),374,0.011191176470588237,0.005464992567590961
Double SOR DQN (w=1.3),375,0.011182666666666665,0.005464626691359182
Double SOR DQN (w=1.3),376,0.011174202127659575,0.00546426552124651
Double SOR DQN (w=1.3),377,0.0111657824933687,0.005463908998440896
Double SOR DQN (w=1.3),378,0.011157407407407404,0.0054635570649684845
Double SOR DQN (w=1.3),379,0.011149076517150395,0.005463209663679906
Double SOR DQN (w=1.3),380,0.01114078947368421,0.0054628667382367845
Double SOR DQN (w=1.3),381,0.01113254593175853,0.005462528233098542
Double SOR DQN (w=1.3),382,0.01112434554973822,0.005462194093509406
Double SOR DQN (w=1.3),383,0.011116187989556135,0.005461864265485683
Double SOR DQN (w=1.3),384,0.011108072916666668,0.0054615386958032615
Double SOR DQN (w=1.3),385,0.011099999999999997,0.005461217331985327
Double SOR DQN (w=1.3),386,0.0110919689119171,0.005460900122290336
Double SOR DQN (w=1.3),387,0.011083979328165378,0.00546058701570018
Double SOR DQN (w=1.3),388,0.011076030927835049,0.005460277961908579
Double SOR DQN (w=1.3),389,0.011068123393316195,0.005459972911309683
Double SOR DQN (w=1.3),390,0.011060256410256411,0.005459671814986888
Double SOR DQN (w=1.3),391,0.011052429667519181,0.00545937462470184
Double SOR DQN (w=1.3),392,0.011044642857142857,0.0054590812928836585
Double SOR DQN (w=1.3),393,0.011036895674300252,0.005458791772618333
Double SOR DQN (w=1.3),394,0.011029187817258883,0.005458506017638327
Double SOR DQN (w=1.3),395,0.011021518987341774,0.005458223982312359
Double SOR DQN (w=1.3),396,0.011013888888888889,0.005457945621635378
Double SOR DQN (w=1.3),397,0.011006297229219145,0.005457670891218699
Double SOR DQN (w=1.3),398,0.010998743718592966,0.005457399747280339
Double SOR DQN (w=1.3),399,0.010991228070175437,0.005457132146635505
Double SOR DQN (w=1.3),400,0.010983749999999999,0.005456868046687263
